city,plan,rank,h3,lat,lng,rival_stores_in_reach_now,leader_share_in_own_hex_now,place
hyderabad,naive,1,8860a259e7fffff,17.451507491757532,78.41863965647207,3,0.1079623825606418,MNR Puram
hyderabad,naive,2,8860a24b69fffff,17.488230781117892,78.39781874164203,2,0.32816302662099467,Phase 3
hyderabad,naive,3,8860a25953fffff,17.414912986676462,78.44808811135407,5,0.1267823402018463,Naveen Nagar
hyderabad,naive,4,8860b525e9fffff,17.33485273126553,78.54568913382246,3,0.0,Narayana Reddy Nagar
hyderabad,naive,5,8860b19499fffff,17.525090410434828,78.38562281049367,4,0.19812195979060018,Rajiv Gruhakalpa Colony
hyderabad,naive,6,8860b1964dfffff,17.47545119713576,78.51835589866064,0,0.0,Karkhana
hyderabad,naive,7,8860a24b63fffff,17.495422721676782,78.38502912412449,5,0.0,Satyanarayanaswamy Nagar
hyderabad,naive,8,8860b52ea1fffff,17.409267008362047,78.55585263259897,1,0.0,Kalyan Puri
hyderabad,naive,9,8860a25859fffff,17.35524232370685,78.42963651532553,1,0.0,Khayyam Nagar
hyderabad,naive,10,8860b1941bfffff,17.525997576164816,78.43739240769382,1,0.0,Roda Mestry Nagar
hyderabad,aware_rational,1,8860a24b69fffff,17.488230781117892,78.39781874164203,2,0.32816302662099467,Phase 3
hyderabad,aware_rational,2,8860b1941bfffff,17.525997576164816,78.43739240769382,1,0.0,Roda Mestry Nagar
hyderabad,aware_rational,3,8860a25953fffff,17.414912986676462,78.44808811135407,5,0.1267823402018463,Naveen Nagar
hyderabad,aware_rational,4,8860a259e7fffff,17.451507491757532,78.41863965647207,3,0.1079623825606418,MNR Puram
hyderabad,aware_rational,5,8860b525e9fffff,17.33485273126553,78.54568913382246,3,0.0,Narayana Reddy Nagar
hyderabad,aware_rational,6,8860b1964dfffff,17.47545119713576,78.51835589866064,0,0.0,Karkhana
hyderabad,aware_rational,7,8860b194d1fffff,17.51790134533024,78.39841375544434,0,0.0,Pragathi Nagar
hyderabad,aware_rational,8,8860a25829fffff,17.399923675356277,78.43916049289328,2,0.27439471624429695,Humayun Nagar
hyderabad,aware_rational,9,8860b5258dfffff,17.334578051181467,78.5284206193597,3,0.0,Vijaya Durga Nagar
hyderabad,aware_rational,10,8860a24b6dfffff,17.495723932941043,78.40228066772809,4,0.26758112988281163,Bhagyanagar Colony
hyderabad,aware_behavioural,1,8860a259e7fffff,17.451507491757532,78.41863965647207,3,0.1079623825606418,MNR Puram
hyderabad,aware_behavioural,2,8860a24b69fffff,17.488230781117892,78.39781874164203,2,0.32816302662099467,Phase 3
hyderabad,aware_behavioural,3,8860b1941bfffff,17.525997576164816,78.43739240769382,1,0.0,Roda Mestry Nagar
hyderabad,aware_behavioural,4,8860a24b63fffff,17.495422721676782,78.38502912412449,5,0.0,Satyanarayanaswamy Nagar
hyderabad,aware_behavioural,5,8860b525e9fffff,17.33485273126553,78.54568913382246,3,0.0,Narayana Reddy Nagar
hyderabad,aware_behavioural,6,8860b1964dfffff,17.47545119713576,78.51835589866064,0,0.0,Karkhana
hyderabad,aware_behavioural,7,8860b525ebfffff,17.33471557008484,78.53705448189525,3,0.0,Green Lands Colony
hyderabad,aware_behavioural,8,8860a25859fffff,17.35524232370685,78.42963651532553,1,0.0,Khayyam Nagar
hyderabad,aware_behavioural,9,8860b52ea1fffff,17.409267008362047,78.55585263259897,1,0.0,Kalyan Puri
hyderabad,aware_behavioural,10,8860a25a19fffff,17.318333503726123,78.44182584170461,1,0.37812446030686586,Mailardevpally
hyderabad,aware_rational,1,8860a24b69fffff,17.488230781117892,78.39781874164203,2,0.32816302662099467,Phase 3
hyderabad,aware_rational,2,8860b1941bfffff,17.525997576164816,78.43739240769382,1,0.0,Roda Mestry Nagar
hyderabad,aware_rational,3,8860a25953fffff,17.414912986676462,78.44808811135407,5,0.1267823402018463,Naveen Nagar
hyderabad,aware_rational,4,8860a259e7fffff,17.451507491757532,78.41863965647207,3,0.1079623825606418,MNR Puram
hyderabad,aware_rational,5,8860b525e9fffff,17.33485273126553,78.54568913382246,3,0.0,Narayana Reddy Nagar
hyderabad,aware_rational,6,8860b1964dfffff,17.47545119713576,78.51835589866064,0,0.0,Karkhana
hyderabad,aware_rational,7,8860b194d1fffff,17.51790134533024,78.39841375544434,0,0.0,Pragathi Nagar
hyderabad,aware_rational,8,8860a25829fffff,17.399923675356277,78.43916049289328,2,0.27439471624429695,Humayun Nagar
hyderabad,aware_rational,9,8860b5258dfffff,17.334578051181467,78.5284206193597,3,0.0,Vijaya Durga Nagar
hyderabad,aware_rational,10,8860a24b6dfffff,17.495723932941043,78.40228066772809,4,0.26758112988281163,Bhagyanagar Colony
hyderabad,aware_behavioural,1,8860a259e7fffff,17.451507491757532,78.41863965647207,3,0.1079623825606418,MNR Puram
hyderabad,aware_behavioural,2,8860a24b69fffff,17.488230781117892,78.39781874164203,2,0.32816302662099467,Phase 3
hyderabad,aware_behavioural,3,8860b1941bfffff,17.525997576164816,78.43739240769382,1,0.0,Roda Mestry Nagar
hyderabad,aware_behavioural,4,8860a24b63fffff,17.495422721676782,78.38502912412449,5,0.0,Satyanarayanaswamy Nagar
hyderabad,aware_behavioural,5,8860b525e9fffff,17.33485273126553,78.54568913382246,3,0.0,Narayana Reddy Nagar
hyderabad,aware_behavioural,6,8860b1964dfffff,17.47545119713576,78.51835589866064,0,0.0,Karkhana
hyderabad,aware_behavioural,7,8860b525ebfffff,17.33471557008484,78.53705448189525,3,0.0,Green Lands Colony
hyderabad,aware_behavioural,8,8860a25859fffff,17.35524232370685,78.42963651532553,1,0.0,Khayyam Nagar
hyderabad,aware_behavioural,9,8860b52ea1fffff,17.409267008362047,78.55585263259897,1,0.0,Kalyan Puri
hyderabad,aware_behavioural,10,8860a25a19fffff,17.318333503726123,78.44182584170461,1,0.37812446030686586,Mailardevpally
bengaluru,naive,1,8861892ea1fffff,13.015755173949385,77.63737947662257,5,0.17097281960808022,Kammanahalli
bengaluru,naive,2,8861892ed5fffff,12.978353657521334,77.63253030668535,2,0.504109923997572,LBS Nagar
bengaluru,naive,3,8861892d8bfffff,13.090606441973081,77.63021766326466,1,0.25322536981673177,Chokkanahalli
bengaluru,naive,4,8861892ed1fffff,12.970885288952777,77.6281893916558,1,0.0,Cambridge Layout
bengaluru,naive,5,8860145a45fffff,12.933697726689793,77.56437657300647,2,0.5969645681446463,Ashokanagara
bengaluru,naive,6,88618925edfffff,12.948419881094058,77.63202303367275,2,0.5,Ejipura
bengaluru,naive,7,8861892eddfffff,12.970855297706493,77.6366177649823,2,0.3342986736940575,Motappanapalya
bengaluru,naive,8,8861892ed7fffff,12.978383161730882,77.62410211436558,1,0.0,Halasuru
bengaluru,naive,9,88618925e1fffff,12.948450785504795,77.62359570770249,2,0.5991470095773759,Munniswamy Garden
bengaluru,naive,10,8861892eabfffff,13.008286209374523,77.63303768112858,3,0.0,Ramaswamypalya
bengaluru,aware_rational,1,8861892ea3fffff,13.01578306553774,77.62894980340226,1,0.2531841175384313,Kariyannanapalya
bengaluru,aware_rational,2,8861892dd7fffff,13.08313672964621,77.6258753352602,1,0.5110626292387885,Chokkanahalli
bengaluru,aware_rational,3,8861892eabfffff,13.008286209374523,77.63303768112858,3,0.0,Ramaswamypalya
bengaluru,aware_rational,4,8860145a6bfffff,12.941193199884422,77.56029116791997,0,1.0,Mount Joy
bengaluru,aware_rational,5,8861892d9dfffff,13.090630559022435,77.6217866185127,1,0.0,Chokkanahalli
bengaluru,aware_rational,6,8860145a0dfffff,12.941222132500585,77.55187082632978,2,0.4986592650635146,Banashankari 1st Stage
bengaluru,aware_rational,7,8860145a85fffff,12.948908101800253,77.48886682463771,1,0.0,Bhuvaneshwari Nagara 1st Stage
bengaluru,aware_rational,8,8861892ddbfffff,13.068172878957798,77.62562194199984,1,0.0,Dr. Shivaram Karanth Nagar
bengaluru,aware_rational,9,8860145a87fffff,12.948934365776328,77.4804530530009,3,0.0,3rd Block
bengaluru,aware_rational,10,8861892e8bfffff,12.985851522297358,77.62844283689921,1,0.0,Corporation Colony
bengaluru,aware_behavioural,1,8861892ea1fffff,13.015755173949385,77.63737947662257,5,0.17097281960808022,Kammanahalli
bengaluru,aware_behavioural,2,8861892ed5fffff,12.978353657521334,77.63253030668535,2,0.504109923997572,LBS Nagar
bengaluru,aware_behavioural,3,8861892d81fffff,13.09807635481477,77.63456041334582,3,0.2507153107880386,Fakir Colony
bengaluru,aware_behavioural,4,8861892ed1fffff,12.970885288952777,77.6281893916558,1,0.0,Cambridge Layout
bengaluru,aware_behavioural,5,8861892595fffff,12.94110476446078,77.5855569746218,1,0.0,Jayanagar 1st Block
bengaluru,aware_behavioural,6,88618925e1fffff,12.948450785504795,77.62359570770249,2,0.5991470095773759,Munniswamy Garden
bengaluru,aware_behavioural,7,88618925edfffff,12.948419881094058,77.63202303367275,2,0.5,Ejipura
bengaluru,aware_behavioural,8,8861892ea3fffff,13.01578306553774,77.62894980340226,1,0.2531841175384313,Kariyannanapalya
bengaluru,aware_behavioural,9,8861892597fffff,12.94113451593992,77.57713424231675,2,0.3393758245059187,Basavanagudi
bengaluru,aware_behavioural,10,8861892e81fffff,12.993320087536638,77.63278398122625,0,0.0,Jeevanahalli
bengaluru,aware_rational,1,8861892ea3fffff,13.01578306553774,77.62894980340226,1,0.2531841175384313,Kariyannanapalya
bengaluru,aware_rational,2,8861892dd7fffff,13.08313672964621,77.6258753352602,1,0.5110626292387885,Chokkanahalli
bengaluru,aware_rational,3,8861892eabfffff,13.008286209374523,77.63303768112858,3,0.0,Ramaswamypalya
bengaluru,aware_rational,4,8860145a6bfffff,12.941193199884422,77.56029116791997,0,1.0,Mount Joy
bengaluru,aware_rational,5,8861892d9dfffff,13.090630559022435,77.6217866185127,1,0.0,Chokkanahalli
bengaluru,aware_rational,6,8860145a0dfffff,12.941222132500585,77.55187082632978,2,0.4986592650635146,Banashankari 1st Stage
bengaluru,aware_rational,7,8860145a85fffff,12.948908101800253,77.48886682463771,1,0.0,Bhuvaneshwari Nagara 1st Stage
bengaluru,aware_rational,8,8861892ddbfffff,13.068172878957798,77.62562194199984,1,0.0,Dr. Shivaram Karanth Nagar
bengaluru,aware_rational,9,8860145a87fffff,12.948934365776328,77.4804530530009,3,0.0,3rd Block
bengaluru,aware_rational,10,8861892e8bfffff,12.985851522297358,77.62844283689921,1,0.0,Corporation Colony
bengaluru,aware_behavioural,1,8861892ea1fffff,13.015755173949385,77.63737947662257,5,0.17097281960808022,Kammanahalli
bengaluru,aware_behavioural,2,8861892ed5fffff,12.978353657521334,77.63253030668535,2,0.504109923997572,LBS Nagar
bengaluru,aware_behavioural,3,8861892d81fffff,13.09807635481477,77.63456041334582,3,0.2507153107880386,Fakir Colony
bengaluru,aware_behavioural,4,8861892ed1fffff,12.970885288952777,77.6281893916558,1,0.0,Cambridge Layout
bengaluru,aware_behavioural,5,8861892595fffff,12.94110476446078,77.5855569746218,1,0.0,Jayanagar 1st Block
bengaluru,aware_behavioural,6,88618925e1fffff,12.948450785504795,77.62359570770249,2,0.5991470095773759,Munniswamy Garden
bengaluru,aware_behavioural,7,88618925edfffff,12.948419881094058,77.63202303367275,2,0.5,Ejipura
bengaluru,aware_behavioural,8,8861892ea3fffff,13.01578306553774,77.62894980340226,1,0.2531841175384313,Kariyannanapalya
bengaluru,aware_behavioural,9,8861892597fffff,12.94113451593992,77.57713424231675,2,0.3393758245059187,Basavanagudi
bengaluru,aware_behavioural,10,8861892e81fffff,12.993320087536638,77.63278398122625,0,0.0,Jeevanahalli
pune,naive,1,8860885203fffff,18.469356395619112,73.900114305214,4,0.09395221166255582,Kondhwa
pune,naive,2,8860885219fffff,18.45458950279708,73.89185253369345,3,0.31843992804881355,Kondhwa Budruk
pune,naive,3,8860885321fffff,18.543194394027296,73.94144952031041,5,0.38085597687841566,Kharadi
pune,naive,4,886088508bfffff,18.508609772394976,73.81838471600248,2,0.2718130362402225,Ex-Servicemen Colony
pune,naive,5,886088535dfffff,18.50004717015169,73.9412440929902,2,0.2832181105923676,Gopalpatti
pune,naive,6,8860885089fffff,18.5089999989747,73.82657342811913,1,0.4999678142204691,Erandwane
pune,naive,7,8860885343fffff,18.507431617567306,73.94537940054344,2,0.0,Gopalpatti
pune,naive,8,8860885257fffff,18.454973883878907,73.9000479227635,4,0.17294195351633715,Kondhwa Budruk
pune,naive,9,8860885205fffff,18.47712499125803,73.91244324466578,2,0.4978195133013365,Krushna Nagar
pune,naive,10,886088520bfffff,18.462357526396765,73.90417925751896,5,0.2962657398517139,Krushna Nagar
pune,aware_rational,1,886088533dfffff,18.535423162713993,73.92911220125504,2,0.33333333333333337,Mundhwa
pune,aware_rational,2,8860885203fffff,18.469356395619112,73.900114305214,4,0.09395221166255582,Kondhwa
pune,aware_rational,3,8860885207fffff,18.476739932013835,73.90424584978986,4,0.27501477613075503,Kondhwa
pune,aware_rational,4,8860885219fffff,18.45458950279708,73.89185253369345,3,0.31843992804881355,Kondhwa Budruk
pune,aware_rational,5,8860885327fffff,18.55019088796356,73.93738230076623,4,0.41814700912726854,Kharadi
pune,aware_rational,6,8860885215fffff,18.468971251637274,73.89191850322057,4,0.16340697671890753,Kondhwa
pune,aware_rational,7,886088523bfffff,18.475968881301164,73.88785383289317,3,0.2670292789335982,Kondhwa
pune,aware_rational,8,886088521dfffff,18.461972919093117,73.89598319985755,4,0.0,Kondhwa
pune,aware_rational,9,8860885089fffff,18.5089999989747,73.82657342811913,1,0.4999678142204691,Erandwane
pune,aware_rational,10,8860885301fffff,18.521428798424157,73.93724574914053,2,0.42369978408004605,Keshav Nagar
pune,aware_behavioural,1,8860885203fffff,18.469356395619112,73.900114305214,4,0.09395221166255582,Kondhwa
pune,aware_behavioural,2,8860885327fffff,18.55019088796356,73.93738230076623,4,0.41814700912726854,Kharadi
pune,aware_behavioural,3,8860885257fffff,18.454973883878907,73.9000479227635,4,0.17294195351633715,Kondhwa Budruk
pune,aware_behavioural,4,8860885215fffff,18.468971251637274,73.89191850322057,4,0.16340697671890753,Kondhwa
pune,aware_behavioural,5,8860885089fffff,18.5089999989747,73.82657342811913,1,0.4999678142204691,Erandwane
pune,aware_behavioural,6,8860885347fffff,18.514816122540164,73.94951514748254,3,0.18800992400825264,Gopalpatti
pune,aware_behavioural,7,8860885205fffff,18.47712499125803,73.91244324466578,2,0.4978195133013365,Krushna Nagar
pune,aware_behavioural,8,8860885201fffff,18.46974122897693,73.90831103147737,4,0.38628224338610617,Krushna Nagar
pune,aware_behavioural,9,886088521dfffff,18.461972919093117,73.89598319985755,4,0.0,Kondhwa
pune,aware_behavioural,10,8860885213fffff,18.461202773228358,73.87959385765701,1,0.8545964847136007,Mahesh Society
pune,aware_rational,1,886088533dfffff,18.535423162713993,73.92911220125504,2,0.33333333333333337,Mundhwa
pune,aware_rational,2,8860885203fffff,18.469356395619112,73.900114305214,4,0.09395221166255582,Kondhwa
pune,aware_rational,3,8860885207fffff,18.476739932013835,73.90424584978986,4,0.27501477613075503,Kondhwa
pune,aware_rational,4,8860885219fffff,18.45458950279708,73.89185253369345,3,0.31843992804881355,Kondhwa Budruk
pune,aware_rational,5,8860885327fffff,18.55019088796356,73.93738230076623,4,0.41814700912726854,Kharadi
pune,aware_rational,6,8860885215fffff,18.468971251637274,73.89191850322057,4,0.16340697671890753,Kondhwa
pune,aware_rational,7,886088523bfffff,18.475968881301164,73.88785383289317,3,0.2670292789335982,Kondhwa
pune,aware_rational,8,886088521dfffff,18.461972919093117,73.89598319985755,4,0.0,Kondhwa
pune,aware_rational,9,8860885089fffff,18.5089999989747,73.82657342811913,1,0.4999678142204691,Erandwane
pune,aware_rational,10,8860885301fffff,18.521428798424157,73.93724574914053,2,0.42369978408004605,Keshav Nagar
pune,aware_behavioural,1,8860885203fffff,18.469356395619112,73.900114305214,4,0.09395221166255582,Kondhwa
pune,aware_behavioural,2,8860885327fffff,18.55019088796356,73.93738230076623,4,0.41814700912726854,Kharadi
pune,aware_behavioural,3,8860885257fffff,18.454973883878907,73.9000479227635,4,0.17294195351633715,Kondhwa Budruk
pune,aware_behavioural,4,8860885215fffff,18.468971251637274,73.89191850322057,4,0.16340697671890753,Kondhwa
pune,aware_behavioural,5,8860885089fffff,18.5089999989747,73.82657342811913,1,0.4999678142204691,Erandwane
pune,aware_behavioural,6,8860885347fffff,18.514816122540164,73.94951514748254,3,0.18800992400825264,Gopalpatti
pune,aware_behavioural,7,8860885205fffff,18.47712499125803,73.91244324466578,2,0.4978195133013365,Krushna Nagar
pune,aware_behavioural,8,8860885201fffff,18.46974122897693,73.90831103147737,4,0.38628224338610617,Krushna Nagar
pune,aware_behavioural,9,886088521dfffff,18.461972919093117,73.89598319985755,4,0.0,Kondhwa
pune,aware_behavioural,10,8860885213fffff,18.461202773228358,73.87959385765701,1,0.8545964847136007,Mahesh Society
