city,follower_model,plan,leader_sites,leader_incremental_orders,leader_incremental_value_cr,followers_orders_change,leader_share_of_served,sites_preempting_rivals,sites_with_rival_entry_in_reach
hyderabad,frozen,naive,10,30336.499999999985,135.2968444219788,-2670.300000000032,0.3212467232378444,0,0
hyderabad,frozen,aware_rational,10,29758.499999999985,132.7190395969033,-2742.1000000000204,0.3204532414759358,0,0
hyderabad,frozen,aware_behavioural,10,30236.999999999985,134.8530873629909,-3170.600000000006,0.3214469423668214,0,0
hyderabad,rational,naive,10,29941.70000000001,133.5360877698339,-4788.599999999977,0.3025605016405779,3,4
hyderabad,rational,aware_rational,10,30495.0,136.00373380740186,-2194.2999999999593,0.301745761164976,3,3
hyderabad,rational,aware_behavioural,10,28737.79999999999,128.166850349577,-2674.0999999999767,0.29952604710320985,4,4
hyderabad,behavioural,naive,10,29840.59999999999,133.08519491894256,165.89999999999418,0.3082205930844988,1,3
hyderabad,behavioural,aware_rational,10,29262.000000000015,130.5047141719034,-195.5,0.30761228762832954,1,3
hyderabad,behavioural,aware_behavioural,10,30808.40000000001,137.40145704646534,-56.000000000029104,0.3097689557896186,1,4
bengaluru,frozen,naive,10,25270.40000000001,112.70269732108767,-4360.400000000023,0.405648583858187,0,0
bengaluru,frozen,aware_rational,10,24641.499999999985,109.89788511608755,-4342.100000000006,0.40464812333758926,0,0
bengaluru,frozen,aware_behavioural,10,25198.199999999997,112.38069471145015,-3740.5,0.4048783627573236,0,0
bengaluru,rational,naive,10,22047.199999999997,98.32764453184289,-3849.100000000006,0.37157484090814963,8,7
bengaluru,rational,aware_rational,10,26502.499999999985,118.19770307364041,-4202.399999999994,0.37881376568812386,6,7
bengaluru,rational,aware_behavioural,10,22361.59999999999,99.7298276408459,-3753.199999999997,0.3719784704766628,8,8
bengaluru,behavioural,naive,10,24767.899999999994,110.46161267645013,-3014.5999999999913,0.39746674953322797,1,5
bengaluru,behavioural,aware_rational,10,24426.399999999994,108.93856709208457,-1059.0,0.39493060403564145,1,4
bengaluru,behavioural,aware_behavioural,10,25630.399999999994,114.30825049933533,-1832.699999999997,0.3975953912739839,2,5
pune,frozen,naive,10,26846.40000000001,119.7314523458611,-4599.300000000003,0.4839689057468328,0,0
pune,frozen,aware_rational,10,26433.90000000001,117.89175599578554,-4676.400000000009,0.48324407215930837,0,0
pune,frozen,aware_behavioural,10,26334.5,117.44844492379156,-4258.5,0.48219952628835705,0,0
pune,rational,naive,10,26945.699999999997,120.17431743086102,-3087.399999999994,0.4344882047242171,9,7
pune,rational,aware_rational,10,29114.09999999999,129.84509940783988,-2524.199999999997,0.438195885089531,8,7
pune,rational,aware_behavioural,10,27162.199999999997,121.13987927277944,-2334.5,0.4337098237611066,7,7
pune,behavioural,naive,10,25523.199999999997,113.83015244181269,-146.79999999998836,0.4490546569315073,0,5
pune,behavioural,aware_rational,10,26408.800000000003,117.77981326030213,-428.40000000000146,0.45146297081741504,0,6
pune,behavioural,aware_behavioural,10,27232.0,121.45117819456196,636.0,0.45135019872229387,0,6
