city,plan,regret_behavioural,regret_frozen,regret_rational,regret_max_regret
bengaluru,aware_behavioural,0.0,286.30000000001746,8052.5,8052.5
bengaluru,aware_rational,1629.2000000000116,1014.8000000000175,0.0,1629.2000000000116
bengaluru,naive,1297.0,0.0,9106.700000000012,9106.700000000012
hyderabad,aware_behavioural,0.0,442.19999999998254,2159.899999999994,2159.899999999994
hyderabad,aware_rational,1284.1000000000058,525.0999999999767,0.0,1284.1000000000058
hyderabad,naive,1774.7000000000116,0.0,810.2999999999884,1774.7000000000116
pune,aware_behavioural,0.0,1052.5,1125.0,1125.0
pune,aware_rational,1691.199999999997,1005.0,0.0,1691.199999999997
pune,naive,2978.5,0.0,4090.0,4090.0
