city,store_id,orders_per_day,mean_cycle_min,rider_hours_per_order,offered_rider_hours_per_order
hyderabad,41525,1940.4399052440508,10.78006803808272,0.23242152399626997,0.179667800634712
hyderabad,40362,2094.327818712637,11.66727207734747,0.2549744100368416,0.19445453462245782
hyderabad,38722,1486.5532332834018,11.130720982956339,0.2549521884008752,0.18551201638260564
hyderabad,35898,1073.8680453327934,10.883806342516289,0.2709830144073415,0.1813967723752715
hyderabad,40921,1267.775738448875,12.209558470309627,0.2957936397006721,0.2034926411718271
hyderabad,45434,469.5428200538914,11.89055139533057,0.379092156024386,0.19817585658884285
hyderabad,40917,2094.327818712637,9.472041540279907,0.19576686912941021,0.15786735900466511
hyderabad,40208,591.2707445146946,9.682338217619945,0.27736870379847484,0.1613723036269991
hyderabad,43715,1164.9436294260265,11.81902635994231,0.2901427944342116,0.19698377266570516
hyderabad,34338,2094.327818712637,7.419532540931746,0.1547035746290949,0.12365887568219576
hyderabad,34008,728.236578090815,10.023878408749535,0.27051648588768507,0.1670646401458256
hyderabad,36860,2094.327818712637,8.127778282098475,0.1709379003617777,0.13546297136830793
hyderabad,33531,2006.935876931601,11.089932680304198,0.23917057117633014,0.1848322113384033
hyderabad,34606,2094.327818712637,9.754149417264978,0.202929071658535,0.1625691569544163
hyderabad,35646,2094.327818712637,8.849572973903062,0.18382986491420228,0.14749288289838436
hyderabad,37474,2094.3278187126366,9.316934688618863,0.19433442862358533,0.15528224481031438
hyderabad,37088,2094.3278187126375,9.72225514867769,0.20292907165853494,0.16203758581129482
hyderabad,34284,280.9737882232947,11.816334152588414,0.4448813563372692,0.19693890254314023
hyderabad,41094,1055.994697924227,9.81354947284472,0.2376905873612734,0.16355915788074532
hyderabad,41225,2094.327818712637,9.568199915104787,0.19958671047827675,0.15946999858507976
hyderabad,43439,2094.327818712637,8.830111681500092,0.18335238474559395,0.14716852802500155
hyderabad,34406,2094.327818712637,9.707509434456627,0.202929071658535,0.16179182390761046
hyderabad,40327,446.1183552102135,9.786410666815819,0.311576509633867,0.1631068444469303
hyderabad,39456,729.1836645063282,10.208375346213257,0.2742793204718923,0.17013958910355428
hyderabad,30881,1590.492773517748,11.412950779540159,0.2615541591427155,0.19021584632566932
hyderabad,31424,2094.327818712637,10.501212932058564,0.22441567924590927,0.1750202155343094
hyderabad,33135,1076.0975187584854,11.446461397187582,0.2778558585888778,0.19077435661979303
hyderabad,30729,485.5255503374218,7.968086708871274,0.24303561350786684,0.13280144514785458
hyderabad,37684,703.1276561857767,8.870768796480755,0.24746573181872772,0.1478461466080126
hyderabad,40817,1142.5046063745147,11.417296609325856,0.28096166808344203,0.1902882768220976
hyderabad,31237,2094.327818712637,8.950784643641448,0.1866947459258522,0.14917974406069082
hyderabad,35310,486.6698950507607,11.01160731408039,0.3369840659301403,0.1835267885680065
hyderabad,34776,452.38033679816556,9.598677704579506,0.30284251735973233,0.15997796174299178
hyderabad,30650,976.4683325888413,9.655850216773858,0.2324704165245902,0.16093083694623098
hyderabad,35538,1775.2952585838957,11.226154633579897,0.25122581601201477,0.1871025772263316
hyderabad,33513,2094.327818712637,9.49671202438914,0.19576686912941021,0.158278533739819
hyderabad,41303,2094.327818712637,8.905100105213332,0.18382986491420228,0.14841833508688887
hyderabad,40248,1071.364360194638,9.979273009655083,0.247348157028349,0.16632121682758472
hyderabad,36552,426.8389714165621,9.912562318039113,0.32096413208319374,0.16520937196731855
hyderabad,38272,473.20316991898534,8.636020090129279,0.2683836628181147,0.1439336681688213
hyderabad,36872,906.5726117719913,9.836926718596951,0.24929056654188933,0.16394877864328253
hyderabad,35630,990.307092102861,9.305968265628447,0.22619246270805624,0.15509947109380745
hyderabad,40324,2094.327818712637,8.905275685386618,0.18382986491420228,0.1484212614231103
hyderabad,35560,489.83834431308003,8.815425518554777,0.26743516819555346,0.14692375864257962
hyderabad,43811,556.4185942263466,8.499806176409875,0.24621750858359975,0.14166343627349792
hyderabad,35842,1090.8634504442157,9.792486588543095,0.23834330492430025,0.1632081098090516
hyderabad,41987,2094.327818712637,9.314349913867732,0.19433442862358527,0.15523916523112885
hyderabad,42030,2094.327818712637,10.039323348620568,0.20722639317600985,0.16732205581034282
hyderabad,41457,2094.327818712637,9.661661754595015,0.20436151216435994,0.16102769590991692
hyderabad,33525,1275.4662017654607,12.025256614087056,0.28695389928278314,0.2004209435681176
hyderabad,40443,257.25679107260237,9.13886315770378,0.36150649167412563,0.15231438596172966
hyderabad,41721,299.18963168831635,9.849934185468406,0.3576327140623251,0.16416556975780677
hyderabad,34660,466.5091324078745,8.324800316427224,0.25508611028852674,0.13874667194045373
hyderabad,31514,194.9648801800945,6.6598839620509,0.3333933780276616,0.11099806603418166
hyderabad,35372,433.2765358874775,7.354447293464104,0.24003146117058352,0.12257412155773507
hyderabad,33874,2094.327818712637,9.402264118939625,0.19576686912941021,0.15670440198232707
hyderabad,45752,500.84780854840676,10.486697169175859,0.3214549355154849,0.17477828615293098
hyderabad,30741,528.6589870660013,9.910753688169649,0.2931946751917201,0.16517922813616082
hyderabad,40250,133.53217681680445,8.987572701844813,0.5092405562540226,0.14979287836408023
hyderabad,34828,1329.8094149064432,11.310004255256349,0.27297144683363395,0.18850007092093915
hyderabad,42036,309.16894937343716,6.01701977979646,0.22964790010086342,0.10028366299660767
hyderabad,31012,1127.984153778871,10.194744150994541,0.24113813929811878,0.1699124025165757
hyderabad,34552,1017.7912482109853,10.62091509533726,0.26528033177195265,0.17701525158895434
hyderabad,37626,929.3799565835072,9.510797467192871,0.2367169621440318,0.1585132911198812
hyderabad,34140,804.837272502009,9.666660165354136,0.24849743772210894,0.16111100275590226
hyderabad,36870,694.545243311365,9.344575819879791,0.2548430094433039,0.15574293033132985
hyderabad,35662,2094.327818712637,9.492468181857662,0.19576686912941021,0.15820780303096102
hyderabad,42807,2094.327818712637,10.8166538645908,0.2358752032925089,0.18027756440984666
hyderabad,42933,1435.2901231975673,11.82040916151331,0.2786893001875274,0.19700681935855516
hyderabad,34302,1117.8692097309927,10.106234121916085,0.24421461618546192,0.16843723536526808
hyderabad,40246,2094.327818712637,11.016870250161158,0.23778512396694218,0.18361450416935263
hyderabad,34034,1003.648274054671,11.137352815106297,0.2869531163905653,0.1856225469184383
hyderabad,34664,2094.327818712637,12.56392104893749,0.2769384977928242,0.20939868414895815
hyderabad,38474,2094.327818712637,8.49075247958375,0.17666766238507753,0.14151254132639582
hyderabad,34304,2094.327818712637,9.656674364936496,0.202929071658535,0.1609445727489416
hyderabad,37426,310.9487567912753,10.089741358678163,0.3698358571576277,0.16816235597796939
hyderabad,38612,1820.5340736460435,10.964526327007142,0.24553234486008735,0.18274210545011904
hyderabad,33994,466.70135256815104,12.6467522834651,0.3985418061818001,0.21077920472441833
hyderabad,31058,1643.643509681428,9.583177301388652,0.20929112546228124,0.15971962168981085
hyderabad,30765,1497.637290411975,10.571354897115604,0.24371722201147555,0.17618924828526009
hyderabad,42320,279.8025132860407,9.48234387894978,0.36811677918955504,0.158039064649163
hyderabad,40584,590.5621059678372,9.671597549044431,0.27770152934420017,0.16119329248407385
hyderabad,41207,913.6348202677815,10.71658162171951,0.27363230303189007,0.17860969369532514
hyderabad,34276,2094.327818712637,8.442971975033851,0.17571270204786088,0.14071619958389753
hyderabad,41523,1527.472263363436,12.366356295339783,0.2900216328802795,0.20610593825566303
hyderabad,42184,306.3132415141446,9.801706854678145,0.34931562041224745,0.1633617809113024
hyderabad,38646,1446.454808491611,9.734860606017651,0.2184651730181121,0.16224767676696086
hyderabad,43597,2094.327818712637,8.991973504672442,0.18717222609446052,0.14986622507787403
hyderabad,39457,1317.070789000783,10.58037994114729,0.2505560086488288,0.17633966568578818
hyderabad,45334,2094.327818712637,8.999915332767682,0.18717222609446052,0.14999858887946135
hyderabad,41103,2094.327818712637,9.466357034261168,0.19576686912941021,0.15777261723768615
hyderabad,34184,2094.327818712637,8.94970184598843,0.1866947459258522,0.1491616974331405
hyderabad,40876,526.0305040603209,8.56372524178939,0.256639109249298,0.14272875402982316
bengaluru,45076,116.36563460961536,10.82112583767305,0.6101457723166426,0.18035209729455082
bengaluru,41539,150.21067469273754,11.062423873108113,0.565871900741217,0.18437373121846853
bengaluru,30720,295.75183760293885,9.71347771457297,0.3617898061673337,0.16189129524288284
bengaluru,31025,174.2369645919566,10.334410915497623,0.4935806830737803,0.17224018192496038
bengaluru,44077,329.1539136718965,11.012330364679565,0.3797615486492471,0.1835388394113261
bengaluru,34348,191.57975533684643,11.034569086474866,0.48543751314684636,0.1839094847745811
bengaluru,40150,78.72593843288567,10.664659892903625,0.7748399220671451,0.17774433154839375
bengaluru,31462,195.46300090401257,10.27069098290145,0.45532913947077824,0.1711781830483575
bengaluru,30614,329.52365053441645,11.113030821068065,0.3884394937735472,0.1852171803511344
bengaluru,40528,157.26464595529234,11.005337026169729,0.5468489085871744,0.1834222837694955
bengaluru,30792,297.89702183852614,11.572803999979364,0.4196080888239149,0.19288006666632274
bengaluru,31250,417.63213973020254,10.40607658059237,0.3280398871803888,0.17343460967653948
bengaluru,42458,139.49242319846093,10.721148677951032,0.523325914957691,0.17868581129918387
bengaluru,30248,174.67332653912396,10.048601102730355,0.48662266691853145,0.16747668504550592
bengaluru,41161,246.89583362313533,10.774460650116934,0.4293308576514889,0.17957434416861556
bengaluru,30638,203.9750357291013,10.927596794912617,0.4608407085896587,0.18212661324854362
bengaluru,37330,153.59796453394995,10.80672880271275,0.5273507383107051,0.18011214671187917
bengaluru,38212,61.59894188982006,7.962592727789071,0.730532028950919,0.13270987879648452
bengaluru,34744,219.41988764936582,10.839687659995445,0.4420747865617657,0.18066146099992408
bengaluru,34544,162.69260118854697,10.938989592259112,0.528604247345786,0.18231649320431853
bengaluru,34612,284.67448372164205,11.13585161943595,0.4109957396617392,0.18559752699059917
bengaluru,33992,106.71087201789578,8.653054718208985,0.5716380987850056,0.14421757863681642
bengaluru,39459,272.0663752610706,10.909205584522269,0.41901539611650795,0.18182009307537114
bengaluru,33415,215.859100873795,11.116992425710432,0.44936720113882245,0.18528320709517387
bengaluru,39058,319.0703611245175,10.841057489882553,0.37609259467747896,0.18068429149804255
bengaluru,40589,48.02864528668954,6.448296781770102,0.8536572238351802,0.1074716130295017
bengaluru,34994,104.81796344327444,9.341053603070977,0.6010420154184206,0.15568422671784962
bengaluru,45342,57.355886182887566,9.573139853136514,0.8368801041090191,0.15955233088560855
bengaluru,31304,112.32448164857277,10.103162025568597,0.6053889499597261,0.1683860337594766
bengaluru,34262,144.62854822640782,10.010534290111837,0.504741289981855,0.1668422381685306
bengaluru,34610,270.2349041548027,11.34699211238663,0.4255556859306481,0.18911653520644384
bengaluru,31532,520.1287765708992,11.49002513533309,0.34222294173669254,0.19150041892221817
bengaluru,40102,219.65645972207588,10.584673059903169,0.43704610427330776,0.17641121766505283
bengaluru,38218,1185.085939365934,12.115103075541576,0.28605520387945693,0.2019183845923596
bengaluru,42474,2094.327818712637,10.541734677208124,0.22393819907730098,0.17569557795346874
bengaluru,36385,145.2860692482701,9.666603625477547,0.49557401045081473,0.16111006042462578
bengaluru,36475,262.9726447714743,10.593537171316683,0.42209713522279113,0.17655895285527806
bengaluru,36527,265.5204930771722,10.804381050564906,0.4255792036630375,0.1800730175094151
bengaluru,38280,101.38791289746206,11.000918454757816,0.6805544963706143,0.18334864091263026
bengaluru,36222,126.5735976627496,10.738605818245238,0.5688390101057346,0.17897676363742063
bengaluru,40777,56.47660608525606,10.67254522449838,0.9207352141788008,0.17787575374163966
bengaluru,34546,2094.327818712637,10.572499214462347,0.22441567924590927,0.1762083202410391
bengaluru,38084,1820.017955935541,9.63392712804616,0.20878914889862676,0.16056545213410267
bengaluru,36535,197.40437182003922,11.007131694769972,0.4711141862895624,0.18345219491283288
bengaluru,30771,102.26405089671871,10.666160196179998,0.6649452999732663,0.17776933660299996
bengaluru,37170,2094.327818712637,9.719560800570022,0.2038840319957516,0.16199268000950037
bengaluru,39526,2094.327818712637,8.783096806215793,0.18382986491420228,0.14638494677026323
bengaluru,42816,2094.327818712637,8.883987457232974,0.18717222609446052,0.14806645762054957
bengaluru,30377,184.83497389231925,10.957447758480551,0.4977412989686527,0.1826241293080092
bengaluru,38284,2094.327818712637,11.618629220419727,0.24446984632745863,0.1936438203403288
bengaluru,44319,90.45449851250325,10.112021646030167,0.6964827735050867,0.16853369410050278
bengaluru,33720,117.66958378473407,11.038406652513519,0.6118828475820696,0.18397344420855866
bengaluru,39290,2094.327818712637,6.890277452311127,0.14419901091971193,0.11483795753851879
bengaluru,37630,2094.327818712637,10.144171007719871,0.2143885957051346,0.1690695167953312
bengaluru,37690,2094.327818712637,7.342122710796726,0.15374861429187828,0.1223687118466121
bengaluru,33966,2094.327818712637,7.765335494877698,0.16425317800126127,0.12942225824796164
bengaluru,35570,34.719758093797026,8.417674430942034,1.2096858476529435,0.1402945738490339
bengaluru,35558,70.28548863831988,10.228821014700605,0.8109782133452141,0.1704803502450101
bengaluru,41473,2094.327818712637,7.576378924731822,0.15947837631517808,0.1262729820788637
bengaluru,34658,2094.327818712637,7.4689702126490385,0.15518105479770322,0.12448283687748397
bengaluru,42818,2094.327818712637,7.479648434007443,0.15518105479770322,0.12466080723345739
bengaluru,44079,2094.327818712637,7.865639311493999,0.1652081383384779,0.13109398852489998
bengaluru,30664,568.8510526939033,5.490909090909091,0.15997157703945883,0.09151515151515152
bengaluru,35088,2088.2659743802246,12.203844467589231,0.2561934191159641,0.20339740779315385
bengaluru,35494,70.56905040343302,10.501501716155051,0.8077195268200332,0.17502502860258418
bengaluru,35572,66.3805435163293,10.25167756697485,0.783362070351356,0.17086129278291418
bengaluru,38210,64.69182993684886,10.392805499498737,0.803810930232791,0.1732134249916456
bengaluru,41913,98.5262912057745,10.638608154225354,0.6901711123783233,0.1773101359037559
bengaluru,41783,66.71520320082837,9.665950284077494,0.7794325356915699,0.16109917140129157
bengaluru,36154,54.84052204437448,9.598970497858591,0.857030499490317,0.1599828416309765
bengaluru,30566,2094.327818712637,8.73270386204017,0.18335238474559395,0.14554506436733616
bengaluru,31277,2094.327818712637,7.490070681856254,0.15518105479770322,0.1248345113642709
bengaluru,45744,117.71175163298207,10.529584049323203,0.594672995932094,0.17549306748872004
bengaluru,31434,120.44435743894618,10.507640462207997,0.5894838206595957,0.17512734103679994
bengaluru,39340,62.59402109103627,9.81850333238036,0.8147743044950889,0.16364172220633932
bengaluru,34835,96.53874273959099,11.069782227537356,0.7043804183717931,0.18449637045895592
bengaluru,34754,45.594398550264835,8.486387348650135,0.9869633426656665,0.1414397891441689
bengaluru,38600,120.82897925874785,10.703976610654188,0.5876073805767891,0.1783996101775698
bengaluru,41915,2094.327818712637,8.336912023524693,0.17523522187925256,0.13894853372541155
bengaluru,41651,2094.327818712637,8.94510342965362,0.18860466660028546,0.14908505716089368
bengaluru,30995,2094.327818712637,9.257245008532779,0.19433442862358527,0.15428741680887964
bengaluru,40144,2094.327818712637,8.722712758612733,0.18335238474559395,0.14537854597687888
bengaluru,37674,2094.327818712637,9.515227688448153,0.19958671047827675,0.15858712814080256
bengaluru,42312,2094.327818712637,9.264578885144974,0.19433442862358527,0.15440964808574958
bengaluru,42260,862.9946071773198,11.823347558489484,0.29548272709843837,0.1970557926414914
bengaluru,45094,90.5374835231077,10.841681222093412,0.7400249862577606,0.1806946870348902
bengaluru,31320,85.14612837586805,10.898704088007532,0.7633934888156603,0.18164506813345888
bengaluru,38208,2094.327818712637,8.76658028885676,0.18382986491420228,0.146109671480946
bengaluru,37676,2094.327818712637,8.30051087466184,0.17523522187925256,0.13834184791103069
bengaluru,33666,2094.327818712637,9.399645351650761,0.1981542699724518,0.15666075586084602
bengaluru,34780,105.87952763795975,11.208326449187659,0.6516840558255592,0.1868054408197943
bengaluru,30378,100.20947118262984,10.317529798499528,0.6785785734371486,0.17195882997499215
bengaluru,45070,147.88116293001232,11.398288339919977,0.5815480369240889,0.18997147233199962
bengaluru,34766,149.3023578508446,10.847423389190567,0.5425232472277516,0.18079038981984277
bengaluru,38150,2094.327818712637,10.669586634440938,0.22584811975173424,0.17782644390734897
bengaluru,34742,2094.327818712637,8.173945350085367,0.17141538053038602,0.13623242250142278
bengaluru,33974,2094.327818712637,7.66484788240889,0.1599558564837864,0.12774746470681483
bengaluru,43063,2094.327818712637,8.156195047420997,0.17141538053038602,0.13593658412368329
bengaluru,39934,2094.327818712637,8.427539391984412,0.17666766238507753,0.14045898986640687
bengaluru,36010,2094.327818712637,8.706747230956987,0.18287490457698566,0.14511245384928312
bengaluru,40674,2094.327818712637,7.669192815059317,0.16043333665239473,0.12781988025098862
bengaluru,39114,2094.327818712637,10.625558290624076,0.22441567924590927,0.17709263817706794
bengaluru,42488,98.82716040875785,10.118640098122068,0.6779512810332918,0.1686440016353678
bengaluru,33838,2094.327818712637,8.612344239432447,0.1814424640711607,0.14353907065720745
bengaluru,34540,2094.327818712637,8.206156635109505,0.17189286069899434,0.13676927725182508
bengaluru,43721,2094.327818712637,8.325806465479797,0.17523522187925256,0.13876344109132996
bengaluru,34734,2094.327818712637,9.803964320734728,0.2062714328387932,0.1633994053455788
bengaluru,33926,93.15876965138406,10.296181022145596,0.6977335600635457,0.17160301703575995
bengaluru,31244,41.104334315703376,10.576843569514532,1.1434317276376438,0.17628072615857554
bengaluru,33509,2094.327818712637,11.438642691165516,0.23969504464137545,0.1906440448527586
bengaluru,37414,2094.327818712637,9.33352872499156,0.19576686912941021,0.15555881208319267
bengaluru,35388,2094.327818712637,9.649639870380744,0.20340655182714332,0.1608273311730124
bengaluru,42172,2094.327818712637,10.273628193711764,0.21534355604235125,0.17122713656186273
bengaluru,36375,139.25426263034882,11.498192673068356,0.5816698065108062,0.19163654455113927
bengaluru,37424,2094.3278187126366,10.056237678453046,0.2124786750307014,0.16760396130755076
bengaluru,35894,2094.327818712637,10.438159897642183,0.21868591722260947,0.17396933162736972
bengaluru,30832,2094.327818712637,10.101824262459346,0.21391111553652628,0.16836373770765575
bengaluru,35264,1471.0175813321207,9.964583771096773,0.22569410740784498,0.1660763961849462
bengaluru,38838,2094.327818712637,8.451956219835488,0.17714514255368582,0.14086593699725813
bengaluru,37430,2094.327818712637,10.60143245655736,0.22441567924590927,0.17669054094262265
bengaluru,34134,2094.327818712637,8.031862658653948,0.16759553918151948,0.13386437764423245
bengaluru,41447,2094.327818712637,11.263070906418395,0.23778512396694218,0.1877178484403066
bengaluru,38682,2094.327818712637,11.73718296974438,0.24781220750771685,0.19561971616240634
bengaluru,35704,2094.327818712637,10.090656371161455,0.21343363536791798,0.16817760618602423
bengaluru,40680,1503.0162272960654,11.385911934933471,0.25415560594925857,0.18976519891555785
bengaluru,44866,640.5616788395541,10.82396243903337,0.30598146357283645,0.1803993739838895
bengaluru,38148,119.75123773180735,8.892685992260768,0.5344412401259118,0.14821143320434613
bengaluru,45881,36.23648608032227,10.316964575773907,1.24184226639008,0.17194940959623178
bengaluru,33724,2094.327818712637,8.103987195498163,0.1709379003617777,0.13506645325830272
bengaluru,35322,147.04849614984747,8.798218018788367,0.46923295243826657,0.1466369669798061
bengaluru,34752,99.00011886469285,9.669348589872914,0.6363628723123499,0.16115580983121525
bengaluru,31108,160.5932326651747,10.473151736297446,0.5043799085163143,0.17455252893829076
bengaluru,41096,230.46040796389883,10.357058691061585,0.420896590685524,0.17261764485102643
bengaluru,31530,158.9373033636016,9.750814081821986,0.45930060756723406,0.16251356803036643
bengaluru,36730,107.68002851660648,11.207306327379406,0.6500741220476605,0.18678843878965676
bengaluru,43557,33.28809174897707,10.308913785100586,1.3518347744094654,0.17181522975167643
bengaluru,37688,23.529204403184487,8.748682193430122,1.7425153565520042,0.14581136989050203
bengaluru,30558,48.89647670171483,11.559705925478175,1.0430199359990164,0.19266176542463626
bengaluru,43443,48.754476307883166,10.38326112121927,0.9640140466938113,0.17305435202032118
bengaluru,35568,49.374196078104276,9.024625027065934,0.9114072445618192,0.15041041711776557
bengaluru,35680,110.99100477851603,11.507015487347887,0.6487012181183234,0.19178359145579812
bengaluru,40523,66.85993905315334,10.024678004065919,0.7777452497924092,0.16707796673443198
bengaluru,37208,158.45163932818087,10.862296829692617,0.5427523524820028,0.18103828049487697
bengaluru,37332,75.81705576513959,9.271328857572728,0.6858615053726396,0.15452214762621214
bengaluru,36818,80.08456452341288,8.762686679019307,0.6493136387698992,0.14604477798365512
bengaluru,44862,37.704533834816196,9.263803171311375,1.1669684126785462,0.15439671952185624
bengaluru,45631,80.17642717224629,10.932642383939397,0.7857671166196335,0.18221070639898995
bengaluru,45768,53.04963230182794,10.57991731452747,0.9613638735483315,0.1763319552421245
bengaluru,30622,101.79122590790597,11.263768478670917,0.6778580313241014,0.18772947464451528
pune,31214,557.3881980837391,10.667119688583677,0.321140635225843,0.17778532814306128
pune,38032,1588.860118866174,13.717258125938086,0.3241317431817151,0.22862096876563476
pune,35647,996.988430029308,11.664451248898676,0.29589109674154196,0.19440752081497792
pune,35532,1417.7263402915041,11.379773131934359,0.26662409328042674,0.1896628855322393
pune,41829,482.4657640311505,10.040430238576809,0.3088302033185919,0.16734050397628014
pune,41827,2094.327818712637,9.57142791426462,0.19863175014106013,0.15952379857107699
pune,37476,1743.3753383636242,11.620754632221628,0.2690183746893054,0.19367924387036045
pune,34274,562.3876426155836,10.46547866330694,0.3111732668699837,0.17442464438844898
pune,33535,933.2546741151197,11.834207980078915,0.3085974364640304,0.1972367996679819
pune,35892,1404.1761558514518,12.015040095556273,0.2848645437633511,0.2002506682592712
pune,34768,2094.327818712637,7.820466939639564,0.16425317800126127,0.1303411156606594
pune,36288,2094.327818712637,7.741771497476772,0.16043333665239473,0.1290295249579462
pune,38204,980.0040084570461,10.812843141713127,0.2755090771772432,0.18021405236188545
pune,42476,870.9016894831303,10.37052920817168,0.2640941024428397,0.172842153469528
pune,42943,2094.327818712637,8.087746065919863,0.16711805901291116,0.13479576776533103
pune,36856,1840.0771999312224,10.95467495843501,0.2429245903469201,0.18257791597391684
pune,33409,1180.166711525564,11.397902400174765,0.27538482218320054,0.18996504000291276
pune,39166,1028.7560892582303,10.698436532944003,0.2653690246410524,0.17830727554906672
pune,30615,2094.327818712637,8.36817542800311,0.1733253012048193,0.1394695904667185
pune,37698,796.0929221649496,11.473517094128077,0.30398461443657687,0.1912252849021346
pune,31026,252.57436044886427,12.003843637046165,0.46718914695179464,0.2000640606174361
pune,35910,2094.327818712637,7.883936377770689,0.1647306581698696,0.1313989396295115
pune,36000,2094.3278187126375,9.087548937197086,0.1876497062630688,0.15145914895328477
pune,39454,2094.327818712637,7.798280389056433,0.16186577715821968,0.12997133981760722
pune,34104,2094.327818712637,8.10846817945966,0.16759553918151948,0.13514113632432767
pune,32398,2094.327818712637,8.431445110337139,0.17523522187925256,0.14052408517228565
pune,38080,2094.327818712637,8.218021942783592,0.17141538053038602,0.13696703237972654
pune,30513,2094.327818712637,9.303672242281714,0.19385694845497695,0.15506120403802856
pune,34010,2094.327818712637,10.25575614599885,0.22393819907730098,0.17092926909998082
pune,40520,1893.0786371290715,9.659753575851186,0.21182426980853386,0.1609958929308531
pune,38264,510.85107136293226,9.359408191953646,0.279925027109136,0.15599013653256077
pune,30579,1184.5541040856656,11.258973421243057,0.2726764433012686,0.18764955702071762
pune,41445,2094.327818712637,9.027693434293049,0.18717222609446052,0.15046155723821747
pune,41707,2094.327818712637,7.391761564812748,0.15374861429187828,0.12319602608021248
pune,30442,2094.327818712637,7.422609976453553,0.1542260944604866,0.12371016627422589
pune,45382,445.788609288928,12.114172631797969,0.39256274465859586,0.2019028771966328
pune,38724,133.72252214207495,11.088579391811876,0.590775575681003,0.18480965653019793
pune,31486,249.64336540489077,8.899053780716303,0.35250285885737376,0.14831756301193838
pune,36906,601.0408138040669,9.564825416284473,0.27452378642257774,0.15941375693807455
pune,36074,2094.3278187126366,10.228337060055312,0.21725347671678458,0.17047228433425518
pune,45384,2094.327818712637,8.343620297287073,0.17237034086760267,0.13906033828811787
pune,38194,2094.327818712637,13.442004763181302,0.29938006571741516,0.22403341271968838
pune,45428,167.95281945484584,9.613830679846364,0.464416139325189,0.16023051133077273
pune,37168,173.94082579871807,9.012759645565243,0.41968295634329456,0.15021266075942072
pune,37078,1864.556516169349,12.320934113981224,0.2767414103703865,0.20534890189968708
pune,31445,1958.3106380443928,13.304345754683702,0.30076944308906317,0.22173909591139504
pune,35902,562.3174298326109,9.699003186767676,0.28809350627495883,0.1616500531127946
pune,39832,350.78164065376166,9.203308126338204,0.3221377258781238,0.1533884687723034
pune,37210,447.2298419174179,10.619445652758428,0.3398699857512352,0.17699076087930712
pune,31364,454.0081114741208,11.145241511421798,0.3590244224288298,0.1857540251903633
pune,31298,183.15366124593106,9.41976608545396,0.44225160146395653,0.15699610142423265
pune,40108,409.5609178471141,10.890604273362547,0.36136260456191094,0.1815100712227091
pune,45809,627.404294311397,10.04309224711622,0.2868963467927131,0.16738487078527034
pune,37284,381.09335656669776,10.389796562336919,0.3542439081495054,0.17316327603894865
pune,40725,455.631002265362,9.719730667843056,0.30507142689786865,0.16199551113071758
pune,36461,2094.327818712637,8.025529774230485,0.1656856185070862,0.13375882957050808
pune,45422,110.11972762571376,9.95272279036872,0.6175097002702856,0.165878713172812
pune,30667,1016.9646484399366,11.249238967265848,0.28712895816775874,0.18748731612109745
pune,35312,698.3186559674868,11.054176977233665,0.30358633295609755,0.1842362829538944
pune,34294,412.3785299195753,8.82013991745488,0.2861448679760634,0.14700233195758133
pune,38270,287.07584916637046,10.273977937137865,0.3971075948431072,0.17123296561896442
pune,35676,31.81960916486927,10.606810951891568,1.4142222730278744,0.17678018253152614
pune,36032,305.95729360872843,11.868254995995777,0.4412380512577154,0.19780424993326295
pune,35888,1193.5601400885196,11.525008320865252,0.2781594230981754,0.19208347201442086
pune,35034,943.4870988262257,12.31428083750494,0.3169094737723284,0.20523801395841568
pune,41157,1260.054587564854,11.229853377184876,0.26903596347769493,0.18716422295308127
pune,35262,1058.8110981968712,12.10246329756921,0.30317022606455013,0.2017077216261535
pune,41659,857.6737295789383,12.946153465841071,0.341621749501228,0.21576922443068453
pune,45198,150.40030859623425,11.358875582006805,0.5784562599107481,0.18931459303344675
pune,35382,1316.275439585924,11.554789613965823,0.27197954868216656,0.1925798268994304
pune,35530,438.40644260554325,11.618214262764845,0.3718011054565169,0.19363690437941408
pune,41168,1306.1020796510088,12.489870152454243,0.30012968060256257,0.20816450254090405
pune,35386,816.3133470148456,11.629798853163784,0.3087049855567498,0.19382998088606307
pune,34146,1199.918122141341,11.481367433441662,0.28085249633416576,0.19135612389069437
pune,31466,2094.327818712637,7.711611489307076,0.1599558564837864,0.12852685815511794
pune,45282,2094.327818712637,7.526249873849926,0.15518105479770322,0.12543749789749875
pune,39342,1434.7354582630069,11.311151032440712,0.26485718869738895,0.18851918387401187
