city,evening_share,policy,hour,share_of_day,on_time,riders
hyderabad,0.35,util80,0,0.011572700296735905,0.7515575979726948,329
hyderabad,0.35,util80,1,0.004821958456973294,0.6595934168446667,166
hyderabad,0.35,util80,2,0.0019287833827893177,0.5870681744685038,94
hyderabad,0.35,util80,3,0.0009643916913946589,0.8174415953402703,93
hyderabad,0.35,util80,4,0.0009643916913946589,0.8174415953402703,93
hyderabad,0.35,util80,5,0.0028931750741839762,0.7324937280799875,130
hyderabad,0.35,util80,6,0.01446587537091988,0.7842823578888186,401
hyderabad,0.35,util80,7,0.033753709198813056,0.901883787692617,883
hyderabad,0.35,util80,8,0.043397626112759644,0.9234941765581309,1117
hyderabad,0.35,util80,9,0.043397626112759644,0.9234941765581309,1117
hyderabad,0.35,util80,10,0.03857566765578635,0.9172394901157895,1002
hyderabad,0.35,util80,11,0.03857566765578635,0.9172394901157895,1002
hyderabad,0.35,util80,12,0.043397626112759644,0.9234941765581309,1117
hyderabad,0.35,util80,13,0.043397626112759644,0.9234941765581309,1117
hyderabad,0.35,util80,14,0.03857566765578635,0.9172394901157895,1002
hyderabad,0.35,util80,15,0.03857566765578635,0.9172394901157895,1002
hyderabad,0.35,util80,16,0.043397626112759644,0.9234941765581309,1117
hyderabad,0.35,util80,17,0.05304154302670623,0.9418931247578163,1356
hyderabad,0.35,util80,18,0.06750741839762611,0.9605386995785076,1718
hyderabad,0.35,util80,19,0.1105263157894737,0.9799424086720171,2776
hyderabad,0.35,util80,20,0.12280701754385966,0.9842702274187592,3083
hyderabad,0.35,util80,21,0.11666666666666667,0.9820361900879441,2930
hyderabad,0.35,util80,22,0.05786350148367952,0.947083765719548,1472
hyderabad,0.35,util80,23,0.02893175074183976,0.8822001118487168,761
hyderabad,0.35,erlang95,0,0.011572700296735905,0.9708975726030631,481
hyderabad,0.35,erlang95,1,0.004821958456973294,0.9769578714977422,302
hyderabad,0.35,erlang95,2,0.0019287833827893177,0.9848585848723983,221
hyderabad,0.35,erlang95,3,0.0009643916913946589,0.9841107238963518,168
hyderabad,0.35,erlang95,4,0.0009643916913946589,0.9841107238963518,168
hyderabad,0.35,erlang95,5,0.0028931750741839762,0.9790088410080205,245
hyderabad,0.35,erlang95,6,0.01446587537091988,0.969552648235266,551
hyderabad,0.35,erlang95,7,0.033753709198813056,0.9685221976767311,996
hyderabad,0.35,erlang95,8,0.043397626112759644,0.9687359431968205,1213
hyderabad,0.35,erlang95,9,0.043397626112759644,0.9687359431968205,1213
hyderabad,0.35,erlang95,10,0.03857566765578635,0.9672123276000697,1104
hyderabad,0.35,erlang95,11,0.03857566765578635,0.9672123276000697,1104
hyderabad,0.35,erlang95,12,0.043397626112759644,0.9687359431968205,1213
hyderabad,0.35,erlang95,13,0.043397626112759644,0.9687359431968205,1213
hyderabad,0.35,erlang95,14,0.03857566765578635,0.9672123276000697,1104
hyderabad,0.35,erlang95,15,0.03857566765578635,0.9672123276000697,1104
hyderabad,0.35,erlang95,16,0.043397626112759644,0.9687359431968205,1213
hyderabad,0.35,erlang95,17,0.05304154302670623,0.9643293039011522,1411
hyderabad,0.35,erlang95,18,0.06750741839762611,0.9653214874373846,1721
hyderabad,0.35,erlang95,19,0.1105263157894737,0.9631952576167809,2620
hyderabad,0.35,erlang95,20,0.12280701754385966,0.9628355507693457,2875
hyderabad,0.35,erlang95,21,0.11666666666666667,0.9648088724596506,2753
hyderabad,0.35,erlang95,22,0.05786350148367952,0.9669112641530039,1520
hyderabad,0.35,erlang95,23,0.02893175074183976,0.9661499797326668,886
hyderabad,0.35,same_budget,0,0.011572700296735905,0.8858260772415723,380
hyderabad,0.35,same_budget,1,0.004821958456973294,0.7955913881831564,187
hyderabad,0.35,same_budget,2,0.0019287833827893177,0.5761422763940306,93
hyderabad,0.35,same_budget,3,0.0009643916913946589,0.8174415953402703,93
hyderabad,0.35,same_budget,4,0.0009643916913946589,0.8174415953402703,93
hyderabad,0.35,same_budget,5,0.0028931750741839762,0.7344821798135543,130
hyderabad,0.35,same_budget,6,0.01446587537091988,0.8825861998178437,444
hyderabad,0.35,same_budget,7,0.033753709198813056,0.938580934340704,924
hyderabad,0.35,same_budget,8,0.043397626112759644,0.9492050541346967,1151
hyderabad,0.35,same_budget,9,0.043397626112759644,0.9492050541346967,1151
hyderabad,0.35,same_budget,10,0.03857566765578635,0.9413807451576984,1034
hyderabad,0.35,same_budget,11,0.03857566765578635,0.9407996204260265,1033
hyderabad,0.35,same_budget,12,0.043397626112759644,0.9492050541346967,1151
hyderabad,0.35,same_budget,13,0.043397626112759644,0.9492050541346967,1151
hyderabad,0.35,same_budget,14,0.03857566765578635,0.9407996204260265,1033
hyderabad,0.35,same_budget,15,0.03857566765578635,0.9407996204260265,1033
hyderabad,0.35,same_budget,16,0.043397626112759644,0.9492050541346967,1151
hyderabad,0.35,same_budget,17,0.05304154302670623,0.9528663623756373,1366
hyderabad,0.35,same_budget,18,0.06750741839762611,0.9600071598314975,1692
hyderabad,0.35,same_budget,19,0.1105263157894737,0.9706503587665697,2633
hyderabad,0.35,same_budget,20,0.12280701754385966,0.9722668237277401,2897
hyderabad,0.35,same_budget,21,0.11666666666666667,0.9721546439922014,2769
hyderabad,0.35,same_budget,22,0.05786350148367952,0.9564652525331243,1477
hyderabad,0.35,same_budget,23,0.02893175074183976,0.9333173495614939,812
hyderabad,0.45,util80,0,0.009792284866468841,0.7488832011986588,290
hyderabad,0.45,util80,1,0.004080118694362017,0.6422519656262871,144
hyderabad,0.45,util80,2,0.0016320474777448072,0.6576716912650442,93
hyderabad,0.45,util80,3,0.0008160237388724036,0.8489481243167786,93
hyderabad,0.45,util80,4,0.0008160237388724036,0.8489481243167786,93
hyderabad,0.45,util80,5,0.0024480712166172103,0.6500059521919871,114
hyderabad,0.45,util80,6,0.012240356083086053,0.7664153866916106,348
hyderabad,0.45,util80,7,0.028560830860534122,0.8843214998855097,755
hyderabad,0.45,util80,8,0.03672106824925816,0.9102565101061907,957
hyderabad,0.45,util80,9,0.03672106824925816,0.9102565101061907,957
hyderabad,0.45,util80,10,0.03264094955489614,0.8945892164154802,851
hyderabad,0.45,util80,11,0.03264094955489614,0.8945892164154802,851
hyderabad,0.45,util80,12,0.03672106824925816,0.9102565101061907,957
hyderabad,0.45,util80,13,0.03672106824925816,0.9102565101061907,957
hyderabad,0.45,util80,14,0.03264094955489614,0.8945892164154802,851
hyderabad,0.45,util80,15,0.03264094955489614,0.8945892164154802,851
hyderabad,0.45,util80,16,0.03672106824925816,0.9102565101061907,957
hyderabad,0.45,util80,17,0.0448813056379822,0.9267280744954919,1154
hyderabad,0.45,util80,18,0.057121661721068244,0.9480951596470668,1461
hyderabad,0.45,util80,19,0.14210526315789476,0.9865691408752711,3556
hyderabad,0.45,util80,20,0.15789473684210528,0.9893066528047547,3950
hyderabad,0.45,util80,21,0.15,0.9886770520750984,3754
hyderabad,0.45,util80,22,0.04896142433234421,0.9372671400464198,1260
hyderabad,0.45,util80,23,0.024480712166172106,0.8616613045996699,652
hyderabad,0.45,erlang95,0,0.009792284866468841,0.9737407498798869,441
hyderabad,0.45,erlang95,1,0.004080118694362017,0.9811956860799896,286
hyderabad,0.45,erlang95,2,0.0016320474777448072,0.976485338721844,197
hyderabad,0.45,erlang95,3,0.0008160237388724036,0.9866901273825462,162
hyderabad,0.45,erlang95,4,0.0008160237388724036,0.9866901273825462,162
hyderabad,0.45,erlang95,5,0.0024480712166172103,0.9826637123612652,235
hyderabad,0.45,erlang95,6,0.012240356083086053,0.9731834371461497,502
hyderabad,0.45,erlang95,7,0.028560830860534122,0.9680970549806066,881
hyderabad,0.45,erlang95,8,0.03672106824925816,0.9688503078038221,1065
hyderabad,0.45,erlang95,9,0.03672106824925816,0.9688503078038221,1065
hyderabad,0.45,erlang95,10,0.03264094955489614,0.9678038554507886,971
hyderabad,0.45,erlang95,11,0.03264094955489614,0.9678038554507886,971
hyderabad,0.45,erlang95,12,0.03672106824925816,0.9688503078038221,1065
hyderabad,0.45,erlang95,13,0.03672106824925816,0.9688503078038221,1065
hyderabad,0.45,erlang95,14,0.03264094955489614,0.9678038554507886,971
hyderabad,0.45,erlang95,15,0.03264094955489614,0.9678038554507886,971
hyderabad,0.45,erlang95,16,0.03672106824925816,0.9688503078038221,1065
hyderabad,0.45,erlang95,17,0.0448813056379822,0.9660690237852115,1237
hyderabad,0.45,erlang95,18,0.057121661721068244,0.9646951518701661,1500
hyderabad,0.45,erlang95,19,0.14210526315789476,0.9638386030663711,3276
hyderabad,0.45,erlang95,20,0.15789473684210528,0.962705845693805,3595
hyderabad,0.45,erlang95,21,0.15,0.9607448426252321,3430
hyderabad,0.45,erlang95,22,0.04896142433234421,0.9689181035314703,1333
hyderabad,0.45,erlang95,23,0.024480712166172106,0.9700508968471785,789
hyderabad,0.45,same_budget,0,0.009792284866468841,0.8575951925202429,324
hyderabad,0.45,same_budget,1,0.004080118694362017,0.7724826069817476,167
hyderabad,0.45,same_budget,2,0.0016320474777448072,0.6576716912650442,93
hyderabad,0.45,same_budget,3,0.0008160237388724036,0.8489481243167786,93
hyderabad,0.45,same_budget,4,0.0008160237388724036,0.8489481243167786,93
hyderabad,0.45,same_budget,5,0.0024480712166172103,0.7751943020582331,127
hyderabad,0.45,same_budget,6,0.012240356083086053,0.8823623347262244,393
hyderabad,0.45,same_budget,7,0.028560830860534122,0.9412817495016207,815
hyderabad,0.45,same_budget,8,0.03672106824925816,0.9460472362330267,1001
hyderabad,0.45,same_budget,9,0.03672106824925816,0.9460472362330267,1001
hyderabad,0.45,same_budget,10,0.03264094955489614,0.9429796698392136,907
hyderabad,0.45,same_budget,11,0.03264094955489614,0.9429796698392136,907
hyderabad,0.45,same_budget,12,0.03672106824925816,0.9460472362330267,1001
hyderabad,0.45,same_budget,13,0.03672106824925816,0.9460472362330267,1001
hyderabad,0.45,same_budget,14,0.03264094955489614,0.9429796698392136,907
hyderabad,0.45,same_budget,15,0.03264094955489614,0.9429796698392136,907
hyderabad,0.45,same_budget,16,0.03672106824925816,0.9460472362330267,1001
hyderabad,0.45,same_budget,17,0.0448813056379822,0.9552385447907338,1196
hyderabad,0.45,same_budget,18,0.057121661721068244,0.961871205375299,1476
hyderabad,0.45,same_budget,19,0.14210526315789476,0.9776514750853352,3331
hyderabad,0.45,same_budget,20,0.15789473684210528,0.9792348321226418,3670
hyderabad,0.45,same_budget,21,0.15,0.9786518711562335,3502
hyderabad,0.45,same_budget,22,0.04896142433234421,0.9566620154406984,1287
hyderabad,0.45,same_budget,23,0.024480712166172106,0.9275757402360493,706
bengaluru,0.35,util80,0,0.011572700296735905,0.8007854728111379,387
bengaluru,0.35,util80,1,0.004821958456973294,0.7076230638996186,230
bengaluru,0.35,util80,2,0.0019287833827893177,0.5737711306317804,154
bengaluru,0.35,util80,3,0.0009643916913946589,0.8161983434664508,153
bengaluru,0.35,util80,4,0.0009643916913946589,0.8161983434664508,153
bengaluru,0.35,util80,5,0.0028931750741839762,0.748361385387695,197
bengaluru,0.35,util80,6,0.01446587537091988,0.8278268515827533,457
bengaluru,0.35,util80,7,0.033753709198813056,0.9191808839072293,935
bengaluru,0.35,util80,8,0.043397626112759644,0.9390762349674112,1180
bengaluru,0.35,util80,9,0.043397626112759644,0.9390762349674112,1180
bengaluru,0.35,util80,10,0.03857566765578635,0.9249528931884565,1049
bengaluru,0.35,util80,11,0.03857566765578635,0.9249528931884565,1049
bengaluru,0.35,util80,12,0.043397626112759644,0.9390762349674112,1180
bengaluru,0.35,util80,13,0.043397626112759644,0.9390762349674112,1180
bengaluru,0.35,util80,14,0.03857566765578635,0.9249528931884565,1049
bengaluru,0.35,util80,15,0.03857566765578635,0.9249528931884565,1049
bengaluru,0.35,util80,16,0.043397626112759644,0.9390762349674112,1180
bengaluru,0.35,util80,17,0.05304154302670623,0.950516837023685,1421
bengaluru,0.35,util80,18,0.06750741839762611,0.9619322648477594,1786
bengaluru,0.35,util80,19,0.1105263157894737,0.9746398166701614,2876
bengaluru,0.35,util80,20,0.12280701754385966,0.9776105598042264,3187
bengaluru,0.35,util80,21,0.11666666666666667,0.9764051504392353,3034
bengaluru,0.35,util80,22,0.05786350148367952,0.9567613407792697,1545
bengaluru,0.35,util80,23,0.02893175074183976,0.9043201318804137,814
bengaluru,0.35,erlang95,0,0.011572700296735905,0.9723297393672237,569
bengaluru,0.35,erlang95,1,0.004821958456973294,0.9762687385699738,382
bengaluru,0.35,erlang95,2,0.0019287833827893177,0.9791415195784702,262
bengaluru,0.35,erlang95,3,0.0009643916913946589,0.9830758398257009,212
bengaluru,0.35,erlang95,4,0.0009643916913946589,0.9830758398257009,212
bengaluru,0.35,erlang95,5,0.0028931750741839762,0.9783765212144819,305
bengaluru,0.35,erlang95,6,0.01446587537091988,0.9708426539030927,642
bengaluru,0.35,erlang95,7,0.033753709198813056,0.9710152853776114,1106
bengaluru,0.35,erlang95,8,0.043397626112759644,0.9693214322770752,1317
bengaluru,0.35,erlang95,9,0.043397626112759644,0.9693214322770752,1317
bengaluru,0.35,erlang95,10,0.03857566765578635,0.9672458468533915,1207
bengaluru,0.35,erlang95,11,0.03857566765578635,0.9672458468533915,1207
bengaluru,0.35,erlang95,12,0.043397626112759644,0.9693214322770752,1317
bengaluru,0.35,erlang95,13,0.043397626112759644,0.9693214322770752,1317
bengaluru,0.35,erlang95,14,0.03857566765578635,0.9672458468533915,1207
bengaluru,0.35,erlang95,15,0.03857566765578635,0.9672458468533915,1207
bengaluru,0.35,erlang95,16,0.043397626112759644,0.9693214322770752,1317
bengaluru,0.35,erlang95,17,0.05304154302670623,0.966444999762077,1531
bengaluru,0.35,erlang95,18,0.06750741839762611,0.965658849465451,1847
bengaluru,0.35,erlang95,19,0.1105263157894737,0.9639777351069053,2760
bengaluru,0.35,erlang95,20,0.12280701754385966,0.9663973061835153,3035
bengaluru,0.35,erlang95,21,0.11666666666666667,0.965233707507029,2900
bengaluru,0.35,erlang95,22,0.05786350148367952,0.9653509819764613,1633
bengaluru,0.35,erlang95,23,0.02893175074183976,0.9686424498564264,990
bengaluru,0.35,same_budget,0,0.011572700296735905,0.8996499866873439,428
bengaluru,0.35,same_budget,1,0.004821958456973294,0.8608674536467236,260
bengaluru,0.35,same_budget,2,0.0019287833827893177,0.601855518355375,157
bengaluru,0.35,same_budget,3,0.0009643916913946589,0.8161983434664508,153
bengaluru,0.35,same_budget,4,0.0009643916913946589,0.8161983434664508,153
bengaluru,0.35,same_budget,5,0.0028931750741839762,0.8356479247713803,207
bengaluru,0.35,same_budget,6,0.01446587537091988,0.9147299047427283,504
bengaluru,0.35,same_budget,7,0.033753709198813056,0.9447590756698298,975
bengaluru,0.35,same_budget,8,0.043397626112759644,0.9524709454901704,1205
bengaluru,0.35,same_budget,9,0.043397626112759644,0.9524709454901704,1205
bengaluru,0.35,same_budget,10,0.03857566765578635,0.9476753261538147,1088
bengaluru,0.35,same_budget,11,0.03857566765578635,0.9476753261538147,1088
bengaluru,0.35,same_budget,12,0.043397626112759644,0.9524709454901704,1205
bengaluru,0.35,same_budget,13,0.043397626112759644,0.9524709454901704,1205
bengaluru,0.35,same_budget,14,0.03857566765578635,0.9476753261538147,1088
bengaluru,0.35,same_budget,15,0.03857566765578635,0.9476753261538147,1088
bengaluru,0.35,same_budget,16,0.043397626112759644,0.9524709454901704,1205
bengaluru,0.35,same_budget,17,0.05304154302670623,0.9584674264254419,1431
bengaluru,0.35,same_budget,18,0.06750741839762611,0.9640419833693818,1764
bengaluru,0.35,same_budget,19,0.1105263157894737,0.9752871593093992,2736
bengaluru,0.35,same_budget,20,0.12280701754385966,0.9776833366516253,3013
bengaluru,0.35,same_budget,21,0.11666666666666667,0.9754460893946602,2867
bengaluru,0.35,same_budget,22,0.05786350148367952,0.9600473531098194,1541
bengaluru,0.35,same_budget,23,0.02893175074183976,0.9395982175030864,859
bengaluru,0.45,util80,0,0.009792284866468841,0.7822717137834867,345
bengaluru,0.45,util80,1,0.004080118694362017,0.7159055051940554,214
bengaluru,0.45,util80,2,0.0016320474777448072,0.6501358474015296,153
bengaluru,0.45,util80,3,0.0008160237388724036,0.8484297423858382,153
bengaluru,0.45,util80,4,0.0008160237388724036,0.8484297423858382,153
bengaluru,0.45,util80,5,0.0024480712166172103,0.6231295669998069,174
bengaluru,0.45,util80,6,0.012240356083086053,0.806334204386109,402
bengaluru,0.45,util80,7,0.028560830860534122,0.9058984071219454,807
bengaluru,0.45,util80,8,0.03672106824925816,0.9234357386556239,1006
bengaluru,0.45,util80,9,0.03672106824925816,0.9234357386556239,1006
bengaluru,0.45,util80,10,0.03264094955489614,0.9129189180730504,904
bengaluru,0.45,util80,11,0.03264094955489614,0.9129189180730504,904
bengaluru,0.45,util80,12,0.03672106824925816,0.9234357386556239,1006
bengaluru,0.45,util80,13,0.03672106824925816,0.9234357386556239,1006
bengaluru,0.45,util80,14,0.03264094955489614,0.9129189180730504,904
bengaluru,0.45,util80,15,0.03264094955489614,0.9129189180730504,904
bengaluru,0.45,util80,16,0.03672106824925816,0.9234357386556239,1006
bengaluru,0.45,util80,17,0.0448813056379822,0.9400076390094477,1215
bengaluru,0.45,util80,18,0.057121661721068244,0.9572798050234047,1532
bengaluru,0.45,util80,19,0.14210526315789476,0.9787574883686184,3670
bengaluru,0.45,util80,20,0.15789473684210528,0.9815597495141847,4076
bengaluru,0.45,util80,21,0.15,0.9801826586591562,3876
bengaluru,0.45,util80,22,0.04896142433234421,0.9453635510129723,1315
bengaluru,0.45,util80,23,0.024480712166172106,0.8842862426892164,700
bengaluru,0.45,erlang95,0,0.009792284866468841,0.9740894308074487,526
bengaluru,0.45,erlang95,1,0.004080118694362017,0.9765168443027538,352
bengaluru,0.45,erlang95,2,0.0016320474777448072,0.9771409681142681,243
bengaluru,0.45,erlang95,3,0.0008160237388724036,0.9876413082824825,212
bengaluru,0.45,erlang95,4,0.0008160237388724036,0.9876413082824825,212
bengaluru,0.45,erlang95,5,0.0024480712166172103,0.9803957819054432,285
bengaluru,0.45,erlang95,6,0.012240356083086053,0.9753433426143824,592
bengaluru,0.45,erlang95,7,0.028560830860534122,0.9684501493574313,980
bengaluru,0.45,erlang95,8,0.03672106824925816,0.9709729660279915,1171
bengaluru,0.45,erlang95,9,0.03672106824925816,0.9709729660279915,1171
bengaluru,0.45,erlang95,10,0.03264094955489614,0.9677239676650503,1075
bengaluru,0.45,erlang95,11,0.03264094955489614,0.9677239676650503,1075
bengaluru,0.45,erlang95,12,0.03672106824925816,0.9709729660279915,1171
bengaluru,0.45,erlang95,13,0.03672106824925816,0.9709729660279915,1171
bengaluru,0.45,erlang95,14,0.03264094955489614,0.9677239676650503,1075
bengaluru,0.45,erlang95,15,0.03264094955489614,0.9677239676650503,1075
bengaluru,0.45,erlang95,16,0.03672106824925816,0.9709729660279915,1171
bengaluru,0.45,erlang95,17,0.0448813056379822,0.9652768948267534,1343
bengaluru,0.45,erlang95,18,0.057121661721068244,0.9684359504495141,1623
bengaluru,0.45,erlang95,19,0.14210526315789476,0.9652622471149662,3429
bengaluru,0.45,erlang95,20,0.15789473684210528,0.963884687090558,3759
bengaluru,0.45,erlang95,21,0.15,0.9637744221163553,3595
bengaluru,0.45,erlang95,22,0.04896142433234421,0.9690640595416912,1444
bengaluru,0.45,erlang95,23,0.024480712166172106,0.9684533647418421,883
bengaluru,0.45,same_budget,0,0.009792284866468841,0.9042533136012414,390
bengaluru,0.45,same_budget,1,0.004080118694362017,0.829969541262424,235
bengaluru,0.45,same_budget,2,0.0016320474777448072,0.6501358474015296,153
bengaluru,0.45,same_budget,3,0.0008160237388724036,0.8484297423858382,153
bengaluru,0.45,same_budget,4,0.0008160237388724036,0.8484297423858382,153
bengaluru,0.45,same_budget,5,0.0024480712166172103,0.8639961564978658,204
bengaluru,0.45,same_budget,6,0.012240356083086053,0.9156594073244024,454
bengaluru,0.45,same_budget,7,0.028560830860534122,0.9415321195801085,854
bengaluru,0.45,same_budget,8,0.03672106824925816,0.9509918541024606,1054
bengaluru,0.45,same_budget,9,0.03672106824925816,0.9509918541024606,1054
bengaluru,0.45,same_budget,10,0.03264094955489614,0.9461486307158339,954
bengaluru,0.45,same_budget,11,0.03264094955489614,0.9461486307158339,954
bengaluru,0.45,same_budget,12,0.03672106824925816,0.9509918541024606,1054
bengaluru,0.45,same_budget,13,0.03672106824925816,0.9509918541024606,1054
bengaluru,0.45,same_budget,14,0.03264094955489614,0.9461486307158339,954
bengaluru,0.45,same_budget,15,0.03264094955489614,0.9461486307158339,954
bengaluru,0.45,same_budget,16,0.03672106824925816,0.9509918541024606,1054
bengaluru,0.45,same_budget,17,0.0448813056379822,0.9578843671651706,1252
bengaluru,0.45,same_budget,18,0.057121661721068244,0.9627940810059392,1534
bengaluru,0.45,same_budget,19,0.14210526315789476,0.981726333402916,3451
bengaluru,0.45,same_budget,20,0.15789473684210528,0.9826645862483835,3792
bengaluru,0.45,same_budget,21,0.15,0.9819696639355936,3619
bengaluru,0.45,same_budget,22,0.04896142433234421,0.9604266264310093,1348
bengaluru,0.45,same_budget,23,0.024480712166172106,0.9356038592280731,753
pune,0.35,util80,0,0.011572700296735905,0.7539201788170151,257
pune,0.35,util80,1,0.004821958456973294,0.6793866349263699,132
pune,0.35,util80,2,0.0019287833827893177,0.6319385045122332,79
pune,0.35,util80,3,0.0009643916913946589,0.8275421736653992,77
pune,0.35,util80,4,0.0009643916913946589,0.8275421736653992,77
pune,0.35,util80,5,0.0028931750741839762,0.6437814846639508,98
pune,0.35,util80,6,0.01446587537091988,0.7811200844501137,310
pune,0.35,util80,7,0.033753709198813056,0.8950835232398421,679
pune,0.35,util80,8,0.043397626112759644,0.9135154427726786,855
pune,0.35,util80,9,0.043397626112759644,0.9135154427726786,855
pune,0.35,util80,10,0.03857566765578635,0.9045558080155485,768
pune,0.35,util80,11,0.03857566765578635,0.9045558080155485,768
pune,0.35,util80,12,0.043397626112759644,0.9135154427726786,855
pune,0.35,util80,13,0.043397626112759644,0.9135154427726786,855
pune,0.35,util80,14,0.03857566765578635,0.9045558080155485,768
pune,0.35,util80,15,0.03857566765578635,0.9045558080155485,768
pune,0.35,util80,16,0.043397626112759644,0.9135154427726786,855
pune,0.35,util80,17,0.05304154302670623,0.9302021676943978,1038
pune,0.35,util80,18,0.06750741839762611,0.948789256697816,1309
pune,0.35,util80,19,0.1105263157894737,0.9712929781763157,2117
pune,0.35,util80,20,0.12280701754385966,0.9767961722538352,2352
pune,0.35,util80,21,0.11666666666666667,0.973306102711464,2231
pune,0.35,util80,22,0.05786350148367952,0.9380288680146244,1129
pune,0.35,util80,23,0.02893175074183976,0.8691901630450075,582
pune,0.35,erlang95,0,0.011572700296735905,0.9725754042557185,384
pune,0.35,erlang95,1,0.004821958456973294,0.9749979987571427,243
pune,0.35,erlang95,2,0.0019287833827893177,0.975407902162745,165
pune,0.35,erlang95,3,0.0009643916913946589,0.9863078593315424,138
pune,0.35,erlang95,4,0.0009643916913946589,0.9863078593315424,138
pune,0.35,erlang95,5,0.0028931750741839762,0.982782696966569,202
pune,0.35,erlang95,6,0.01446587537091988,0.9743328120427063,444
pune,0.35,erlang95,7,0.033753709198813056,0.9684336718315172,786
pune,0.35,erlang95,8,0.043397626112759644,0.9674369463914688,951
pune,0.35,erlang95,9,0.043397626112759644,0.9674369463914688,951
pune,0.35,erlang95,10,0.03857566765578635,0.9680522551288526,870
pune,0.35,erlang95,11,0.03857566765578635,0.9680522551288526,870
pune,0.35,erlang95,12,0.043397626112759644,0.9674369463914688,951
pune,0.35,erlang95,13,0.043397626112759644,0.9674369463914688,951
pune,0.35,erlang95,14,0.03857566765578635,0.9680522551288526,870
pune,0.35,erlang95,15,0.03857566765578635,0.9680522551288526,870
pune,0.35,erlang95,16,0.043397626112759644,0.9674369463914688,951
pune,0.35,erlang95,17,0.05304154302670623,0.9671640232706661,1112
pune,0.35,erlang95,18,0.06750741839762611,0.9646502677971824,1349
pune,0.35,erlang95,19,0.1105263157894737,0.9632669820969301,2046
pune,0.35,erlang95,20,0.12280701754385966,0.9629695432031644,2240
pune,0.35,erlang95,21,0.11666666666666667,0.9628141678303146,2142
pune,0.35,erlang95,22,0.05786350148367952,0.9660063122352791,1190
pune,0.35,erlang95,23,0.02893175074183976,0.9691602356484308,704
pune,0.35,same_budget,0,0.011572700296735905,0.8546887390952421,283
pune,0.35,same_budget,1,0.004821958456973294,0.7438341583219622,140
pune,0.35,same_budget,2,0.0019287833827893177,0.6035711115596551,77
pune,0.35,same_budget,3,0.0009643916913946589,0.8275421736653992,77
pune,0.35,same_budget,4,0.0009643916913946589,0.8275421736653992,77
pune,0.35,same_budget,5,0.0028931750741839762,0.7375901277566286,105
pune,0.35,same_budget,6,0.01446587537091988,0.8645613531343191,337
pune,0.35,same_budget,7,0.033753709198813056,0.9258203768493095,705
pune,0.35,same_budget,8,0.043397626112759644,0.9356429375708692,876
pune,0.35,same_budget,9,0.043397626112759644,0.9356429375708692,876
pune,0.35,same_budget,10,0.03857566765578635,0.9311185624710816,791
pune,0.35,same_budget,11,0.03857566765578635,0.9311185624710816,791
pune,0.35,same_budget,12,0.043397626112759644,0.9356429375708692,876
pune,0.35,same_budget,13,0.043397626112759644,0.9356429375708692,876
pune,0.35,same_budget,14,0.03857566765578635,0.9311185624710816,791
pune,0.35,same_budget,15,0.03857566765578635,0.9311185624710816,791
pune,0.35,same_budget,16,0.043397626112759644,0.9356429375708692,876
pune,0.35,same_budget,17,0.05304154302670623,0.9451157166430295,1049
pune,0.35,same_budget,18,0.06750741839762611,0.952828578458881,1299
pune,0.35,same_budget,19,0.1105263157894737,0.9633349661909714,2020
pune,0.35,same_budget,20,0.12280701754385966,0.9664379700256405,2227
pune,0.35,same_budget,21,0.11666666666666667,0.9658549319007083,2127
pune,0.35,same_budget,22,0.05786350148367952,0.9469111655894089,1131
pune,0.35,same_budget,23,0.02893175074183976,0.9171062535479783,616
pune,0.45,util80,0,0.009792284866468841,0.7507113918923641,225
pune,0.45,util80,1,0.004080118694362017,0.6833885290440223,118
pune,0.45,util80,2,0.0016320474777448072,0.6789217980411774,77
pune,0.45,util80,3,0.0008160237388724036,0.857055876569398,77
pune,0.45,util80,4,0.0008160237388724036,0.857055876569398,77
pune,0.45,util80,5,0.0024480712166172103,0.5859482694207642,86
pune,0.45,util80,6,0.012240356083086053,0.771895122274876,271
pune,0.45,util80,7,0.028560830860534122,0.8669328497817623,575
pune,0.45,util80,8,0.03672106824925816,0.8924434550838017,726
pune,0.45,util80,9,0.03672106824925816,0.8924434550838017,726
pune,0.45,util80,10,0.03264094955489614,0.8912611866474384,658
pune,0.45,util80,11,0.03264094955489614,0.8912611866474384,658
pune,0.45,util80,12,0.03672106824925816,0.8924434550838017,726
pune,0.45,util80,13,0.03672106824925816,0.8924434550838017,726
pune,0.45,util80,14,0.03264094955489614,0.8912611866474384,658
pune,0.45,util80,15,0.03264094955489614,0.8912611866474384,658
pune,0.45,util80,16,0.03672106824925816,0.8924434550838017,726
pune,0.45,util80,17,0.0448813056379822,0.9175837506610357,885
pune,0.45,util80,18,0.057121661721068244,0.9380028208981553,1117
pune,0.45,util80,19,0.14210526315789476,0.9802688092562784,2711
pune,0.45,util80,20,0.15789473684210528,0.9827779612395163,3008
pune,0.45,util80,21,0.15,0.9818358711989607,2861
pune,0.45,util80,22,0.04896142433234421,0.9245051148660395,960
pune,0.45,util80,23,0.024480712166172106,0.8452063943854017,496
pune,0.45,erlang95,0,0.009792284866468841,0.9723295960445474,346
pune,0.45,erlang95,1,0.004080118694362017,0.9758184823777724,223
pune,0.45,erlang95,2,0.0016320474777448072,0.9756810766040487,155
pune,0.45,erlang95,3,0.0008160237388724036,0.9871852053461354,132
pune,0.45,erlang95,4,0.0008160237388724036,0.9871852053461354,132
pune,0.45,erlang95,5,0.0024480712166172103,0.983536319612529,191
pune,0.45,erlang95,6,0.012240356083086053,0.975503069809592,401
pune,0.45,erlang95,7,0.028560830860534122,0.9688298882926354,697
pune,0.45,erlang95,8,0.03672106824925816,0.9678167506521175,838
pune,0.45,erlang95,9,0.03672106824925816,0.9678167506521175,838
pune,0.45,erlang95,10,0.03264094955489614,0.968435024520879,766
pune,0.45,erlang95,11,0.03264094955489614,0.968435024520879,766
pune,0.45,erlang95,12,0.03672106824925816,0.9678167506521175,838
pune,0.45,erlang95,13,0.03672106824925816,0.9678167506521175,838
pune,0.45,erlang95,14,0.03264094955489614,0.968435024520879,766
pune,0.45,erlang95,15,0.03264094955489614,0.968435024520879,766
pune,0.45,erlang95,16,0.03672106824925816,0.9678167506521175,838
pune,0.45,erlang95,17,0.0448813056379822,0.9660957108877196,973
pune,0.45,erlang95,18,0.057121661721068244,0.9670657075438281,1182
pune,0.45,erlang95,19,0.14210526315789476,0.9628660047708958,2549
pune,0.45,erlang95,20,0.15789473684210528,0.962920258496836,2798
pune,0.45,erlang95,21,0.15,0.9640230547908691,2678
pune,0.45,erlang95,22,0.04896142433234421,0.9662340900162528,1041
pune,0.45,erlang95,23,0.024480712166172106,0.9679769019995081,622
pune,0.45,same_budget,0,0.009792284866468841,0.8400851079325002,248
pune,0.45,same_budget,1,0.004080118694362017,0.7090187680367899,121
pune,0.45,same_budget,2,0.0016320474777448072,0.6789217980411774,77
pune,0.45,same_budget,3,0.0008160237388724036,0.857055876569398,77
pune,0.45,same_budget,4,0.0008160237388724036,0.857055876569398,77
pune,0.45,same_budget,5,0.0024480712166172103,0.602927438932345,87
pune,0.45,same_budget,6,0.012240356083086053,0.8653490168609431,299
pune,0.45,same_budget,7,0.028560830860534122,0.9237520111096083,616
pune,0.45,same_budget,8,0.03672106824925816,0.9353256686724304,765
pune,0.45,same_budget,9,0.03672106824925816,0.9353256686724304,765
pune,0.45,same_budget,10,0.03264094955489614,0.9280690970665979,689
pune,0.45,same_budget,11,0.03264094955489614,0.9280690970665979,689
pune,0.45,same_budget,12,0.03672106824925816,0.9353256686724304,765
pune,0.45,same_budget,13,0.03672106824925816,0.9353256686724304,765
pune,0.45,same_budget,14,0.03264094955489614,0.9280690970665979,689
pune,0.45,same_budget,15,0.03264094955489614,0.9280690970665979,689
pune,0.45,same_budget,16,0.03672106824925816,0.9353256686724304,765
pune,0.45,same_budget,17,0.0448813056379822,0.9420197308773396,910
pune,0.45,same_budget,18,0.057121661721068244,0.9513607239050464,1127
pune,0.45,same_budget,19,0.14210526315789476,0.971984436447772,2559
pune,0.45,same_budget,20,0.15789473684210528,0.9729207271288247,2815
pune,0.45,same_budget,21,0.15,0.9726528769035615,2688
pune,0.45,same_budget,22,0.04896142433234421,0.9458243104282854,983
pune,0.45,same_budget,23,0.024480712166172106,0.9179585949317715,541
