city,store_id,h3,lat,lng,orders_per_day,peak_riders,rider_hours,h00,h01,h02,h03,h04,h05,h06,h07,h08,h09,h10,h11,h12,h13,h14,h15,h16,h17,h18,h19,h20,h21,h22,h23,place
hyderabad,41525,8860b525c3fffff,17.319721819452372,78.52811646067414,1940.4399052440508,49,451,7,4,3,2,2,3,9,16,20,20,18,18,20,20,18,18,20,24,29,45,49,47,25,14,Sita Homes
hyderabad,40362,8860b5259bfffff,17.319170775418808,78.49359072194041,2094.327818712637,58,534,9,5,3,2,2,4,10,19,24,24,21,21,24,24,21,21,24,28,34,53,58,56,30,17,Roshan Dowla Qadri Colony
hyderabad,38722,8860b5251bfffff,17.320131350608577,78.55401905659518,1486.5532332834018,40,379,6,4,3,2,2,3,7,14,17,17,15,15,17,17,15,15,17,20,24,37,40,39,21,12,Visweshwaraiah colony
hyderabad,35898,8860a25a13fffff,17.325546655449177,78.42903854922909,1073.8680453327934,30,291,5,3,2,2,2,3,6,11,13,13,12,12,13,13,12,12,13,15,18,27,30,29,16,9,Indra Reddy Nagar
hyderabad,40921,8860b52501fffff,17.335397796611502,78.58023562976443,1267.775738448875,39,375,6,4,3,2,2,3,7,14,17,17,15,15,17,17,15,15,17,19,24,36,39,38,21,12,Sai Nagar
hyderabad,45434,8860b5209bfffff,17.32107439953991,78.61448604024436,469.5428200538914,17,178,4,3,2,2,2,2,4,7,8,8,7,7,8,8,7,7,8,9,11,15,17,16,10,6,Greenwood Colony
hyderabad,40917,8860a25a07fffff,17.34081972192725,78.4552148659375,2094.327818712637,45,410,7,4,3,2,2,3,8,15,18,18,16,16,18,18,16,16,18,21,26,41,45,43,23,13,Salaheen Colony
hyderabad,40208,8860a25abdfffff,17.34717407513396,78.39068335518097,591.2707445146946,16,164,3,2,2,2,2,2,4,6,7,7,7,7,7,7,7,7,7,8,10,14,16,15,9,6,Prashanth Nagar
hyderabad,43715,8860a25aadfffff,17.35495604208921,78.41238800912299,1164.9436294260265,35,338,6,4,3,2,2,3,7,12,15,15,14,14,15,15,14,14,15,17,21,32,35,33,19,11,Ashok Vihar
hyderabad,34338,8860b525a9fffff,17.34943338941083,78.52872480899322,2094.327818712637,35,324,5,3,2,2,2,3,6,12,14,14,13,13,14,14,13,13,14,17,21,32,35,34,18,10,Green Park Colony
hyderabad,34008,8860a258cbfffff,17.361873176340588,78.38235902984047,728.236578090815,19,197,4,3,2,2,2,2,4,7,9,9,8,8,9,9,8,8,9,10,12,17,19,18,11,7,Eastend Colony
hyderabad,36860,8860a25b53fffff,17.363447391767494,78.47723701198095,2094.327818712637,39,358,6,4,2,2,2,3,7,13,16,16,14,14,16,16,14,14,16,18,23,35,39,37,20,11,Panjeshah
hyderabad,33531,8860b52537fffff,17.357343889108108,78.55910126691496,2006.935876931601,53,480,8,5,3,2,2,4,9,17,21,21,19,19,21,21,19,19,21,25,31,48,53,50,27,15,Nagarjuna Nagar
hyderabad,34606,8860a25857fffff,17.369945199904304,78.42131044184679,2094.327818712637,46,425,7,4,3,2,2,3,8,15,19,19,17,17,19,19,17,17,19,22,27,42,46,44,24,13,Hasan Nagar
hyderabad,35646,8860a25847fffff,17.37772697174455,78.44302454930478,2094.327818712637,42,385,6,4,3,2,2,3,7,14,17,17,15,15,17,17,15,15,17,20,25,38,42,40,22,12,Tappa Chabutara
hyderabad,37474,8860a25b41fffff,17.37136528529364,78.50759711879249,2094.3278187126366,44,407,7,4,3,2,2,3,8,15,18,18,16,16,18,18,16,16,18,21,26,40,44,42,23,13,Andhra Colony
hyderabad,37088,8860b52ed7fffff,17.371923301745294,78.54213394091315,2094.3278187126375,46,425,7,4,3,2,2,3,8,15,19,19,17,17,19,19,17,17,19,22,27,42,46,44,24,13,SBI Colony
hyderabad,34284,8860a24169fffff,17.38332781322802,78.33539718853686,280.9737882232947,11,125,3,2,2,1,1,2,3,5,6,6,5,5,6,6,5,5,6,6,7,10,11,11,7,4,Kokapet
hyderabad,41094,8860a25881fffff,17.383917023711124,78.36987239319548,1055.994697924227,26,251,5,3,2,2,2,2,5,9,11,11,10,10,11,11,10,10,11,13,16,24,26,25,14,8,Greenlands
hyderabad,41225,8860a25807fffff,17.392284619095538,78.42607115445487,2094.327818712637,46,418,7,4,3,2,2,3,8,15,18,18,17,17,18,18,17,17,18,22,27,41,46,44,23,13,Kakatiya Nagar
hyderabad,43439,8860a25b07fffff,17.393288037536827,78.48647104098391,2094.327818712637,42,384,6,4,3,2,2,3,7,14,17,17,15,15,17,17,15,15,17,20,25,38,42,40,21,12,Ramkote
hyderabad,34406,8860b52ebdfffff,17.401630545125407,78.54274386591455,2094.327818712637,46,425,7,4,3,2,2,3,8,15,19,19,17,17,19,19,17,17,19,22,27,42,46,44,24,13,SS Nagar
hyderabad,40327,8860a24165fffff,17.398165305419766,78.33569130448889,446.1183552102135,13,139,3,2,2,1,1,2,3,5,6,6,6,6,6,6,6,6,6,7,8,12,13,13,8,5,Kokapet
hyderabad,39456,8860a258bdfffff,17.398609715782126,78.36154787018688,729.1836645063282,20,200,4,3,2,2,2,2,4,7,9,9,8,8,9,9,8,8,9,10,12,18,20,19,11,7,Narsingi
hyderabad,30881,8860a25833fffff,17.399343265022075,78.40465805220913,1590.492773517748,45,416,7,4,3,2,2,3,8,15,18,18,17,17,18,18,17,17,18,22,27,41,45,43,23,13,Samatha Colony
hyderabad,31424,8860a25b21fffff,17.408279092296674,78.49540526463082,2094.327818712637,51,470,8,4,3,2,2,3,9,17,21,21,19,19,21,21,19,19,21,24,30,46,51,49,26,15,Jawahar Nagar
hyderabad,33135,8860b52ee5fffff,17.402188024871766,78.5772969468616,1076.0975187584854,31,299,5,3,2,2,2,3,6,11,13,13,12,12,13,13,12,12,13,16,19,29,31,30,17,10,Sri Sri Nagar Colony
hyderabad,30729,8860a258a1fffff,17.406250601723247,78.37462692434184,485.5255503374218,11,118,3,2,2,1,1,2,3,5,5,5,5,5,5,5,5,5,5,6,7,10,11,10,6,4,Manikonda
hyderabad,37684,8860a258a9fffff,17.39890420622678,78.37878955851848,703.1276561857767,17,174,4,2,2,2,2,2,4,6,8,8,7,7,8,8,7,7,8,9,10,15,17,16,9,6,Secretariat Employees Colony
hyderabad,40817,8860a25837fffff,17.406837322577953,78.40911915342666,1142.5046063745147,33,321,6,4,2,2,2,3,7,12,14,14,13,13,14,14,13,13,14,17,20,31,33,32,18,10,Brindavan Colony
hyderabad,31237,8860a25b31fffff,17.40049836344303,78.47367562079046,2094.327818712637,42,391,6,4,3,2,2,3,7,14,17,17,16,16,17,17,16,16,17,20,25,39,42,41,22,12,Fateh Maidan
hyderabad,35310,8860a24a57fffff,17.42034498430232,78.33182346460963,486.6698950507607,16,164,3,2,2,2,2,2,4,6,7,7,7,7,7,7,7,7,7,8,10,14,16,15,9,6,Nanakramguda
hyderabad,34776,8860a258a7fffff,17.4135963552071,78.37046427041004,452.38033679816556,13,137,3,2,2,1,1,2,3,5,6,6,6,6,6,6,6,6,6,7,8,12,13,12,7,5,Janmabhoomi Colony
hyderabad,30650,8860a259c3fffff,17.421679033444825,78.40941715732271,976.4683325888413,23,227,4,3,2,2,2,2,5,8,10,10,9,9,10,10,9,9,10,12,14,21,23,22,13,8,Journalist Colony
hyderabad,35538,8860a25913fffff,17.42946579872548,78.43113196290355,1775.2952585838957,48,446,7,4,3,2,2,3,9,16,20,20,18,18,20,20,18,18,20,23,28,44,48,46,25,14,Kamalapuri Colony
hyderabad,33513,8860a25955fffff,17.42255231040234,78.46118203017353,2094.327818712637,45,410,7,4,3,2,2,3,8,15,18,18,16,16,18,18,16,16,18,21,26,41,45,43,23,13,MS Makta
hyderabad,41303,8860b52cc5fffff,17.431334179279105,78.54335391507507,2094.327818712637,42,385,6,4,3,2,2,3,7,14,17,17,15,15,17,17,15,15,17,20,25,38,42,40,22,12,Hanuman Nagar Colony
hyderabad,40248,8860b52c5dfffff,17.417182013063687,78.58624446600979,1071.364360194638,27,265,5,3,2,2,2,3,5,10,12,12,11,11,12,12,11,11,12,13,16,24,27,26,14,9,Sri Lakshmi Nagar Colony
hyderabad,36552,8860a24a03fffff,17.4351798964167,78.33211742941936,426.8389714165621,13,137,3,2,2,1,1,2,3,5,6,6,6,6,6,6,6,6,6,7,8,12,13,12,7,5,Nanakramguda
hyderabad,38272,8860a24a69fffff,17.435779001288164,78.36659736951309,473.20316991898534,12,127,3,2,2,1,1,2,3,5,6,6,5,5,6,6,5,5,6,6,7,11,12,11,7,4,Telecom Nagar
hyderabad,36872,8860a24a61fffff,17.443122690281573,78.36243446518169,906.5726117719913,23,226,4,3,2,2,2,2,5,8,10,10,9,9,10,10,9,9,10,12,14,21,23,22,12,8,J V Colony
hyderabad,35630,8860a25983fffff,17.436224578077677,78.39246567843679,990.307092102861,23,224,4,3,2,2,2,2,5,8,10,10,9,9,10,10,9,9,10,11,14,21,23,22,12,7,Kavuri Hills
hyderabad,40324,8860b52cbbfffff,17.44546995386341,78.50047860221727,2094.327818712637,42,385,6,4,3,2,2,3,7,14,17,17,15,15,17,17,15,15,17,20,25,38,42,40,22,12,Nehru Nagar
hyderabad,35560,8860a24855fffff,17.471881774295753,78.31130615719039,489.83834431308003,12,131,3,2,2,1,1,2,3,5,6,6,5,5,6,6,5,5,6,7,8,11,12,12,7,5,Nallagandla
hyderabad,43811,8860a25995fffff,17.43607641001981,78.38384211375123,556.4185942263466,13,137,3,2,2,1,1,2,3,5,6,6,6,6,6,6,6,6,6,7,8,12,13,12,7,5,Vittal Rao Nagar
hyderabad,35842,8860a259bdfffff,17.451063172409842,78.3927628380865,1090.8634504442157,27,260,5,3,2,2,2,3,5,10,11,11,11,11,11,11,11,11,11,13,16,24,27,26,14,9,Ayyappa Society Colony
hyderabad,41987,8860b196d9fffff,17.459148870322956,78.43173035496672,2094.327818712637,44,407,7,4,3,2,2,3,8,15,18,18,16,16,18,18,16,16,18,21,26,40,44,42,23,13,Banjara Nagar
hyderabad,42030,8860a25939fffff,17.444600481270648,78.44868825335587,2094.327818712637,48,434,7,4,3,2,2,3,8,16,19,19,17,17,19,19,17,17,19,23,28,43,48,46,24,14,Balkampet
hyderabad,41457,8860a25905fffff,17.444891740709764,78.46594853449376,2094.327818712637,47,428,7,4,3,2,2,3,8,15,19,19,17,17,19,19,17,17,19,22,27,42,47,45,24,14,Begumpet
hyderabad,33525,8860b52ce5fffff,17.453680663588315,78.54813077175103,1275.4662017654607,39,366,6,4,3,2,2,3,7,13,16,16,15,15,16,16,15,15,16,19,23,35,39,37,21,12,Mirzalguda
hyderabad,40443,8860a24aabfffff,17.449100600653974,78.28071270839826,257.25679107260237,8,93,2,2,1,1,1,2,3,4,4,4,4,4,4,4,4,4,4,5,5,7,8,8,5,3,Osman Nagar
hyderabad,41721,8860a24849fffff,17.464847006496534,78.33270544874432,299.18963168831635,9,107,3,2,2,1,1,2,3,4,5,5,4,4,5,5,4,4,5,5,6,9,9,9,6,4,Sudarshan Nagar Colony
hyderabad,34660,8860a24a25fffff,17.465149896262428,78.34994563458947,466.5091324078745,11,119,3,2,2,1,1,2,3,5,5,5,5,5,5,5,5,5,5,6,7,10,11,11,6,4,Gouthami Colony
hyderabad,31514,8860a24b19fffff,17.472642425319894,78.35440376736943,194.9648801800945,5,65,2,1,1,1,1,1,2,3,3,3,3,3,3,3,3,3,3,3,3,5,5,5,3,2,Raja Rajeshwari Nagar
hyderabad,35372,8860a24b51fffff,17.465451355428844,78.36718900527394,433.2765358874775,9,104,2,2,1,1,1,2,3,4,5,5,4,4,5,5,4,4,5,5,6,9,9,9,5,4,jubilee gardens
hyderabad,33874,8860b19657fffff,17.474870648867007,78.48381587304459,2094.327818712637,45,410,7,4,3,2,2,3,8,15,18,18,16,16,18,18,16,16,18,21,26,41,45,43,23,13,Lal Bahadur Nagar Colony
hyderabad,45752,8860b52d09fffff,17.484514906940984,78.61788339176384,500.84780854840676,15,161,3,2,2,2,2,2,4,6,7,7,7,7,7,7,7,7,7,8,10,14,15,14,9,5,Nagaram
hyderabad,30741,8860a2481dfffff,17.479066507447513,78.29852688765253,528.6589870660013,15,155,3,2,2,2,2,2,4,6,7,7,6,6,7,7,6,6,7,8,9,14,15,14,8,5,Nallagandla
hyderabad,40250,8860a24b1bfffff,17.47249101034186,78.34578265200543,133.53217681680445,5,68,2,2,1,1,1,1,2,3,3,3,3,3,3,3,3,3,3,3,4,5,5,5,3,3,Raja Rajeshwari Nagar
hyderabad,34828,8860a259a5fffff,17.466198738730046,78.41031135093746,1329.8094149064432,38,363,6,4,3,2,2,3,7,13,16,16,15,15,16,16,15,15,16,19,23,35,38,36,20,12,Satadar Nagar
hyderabad,42036,8860a24b57fffff,17.47279348246549,78.36302567883772,309.16894937343716,6,71,2,1,1,1,1,1,2,3,3,3,3,3,3,3,3,3,3,4,4,5,6,6,4,3,Raghavendra Colony
hyderabad,31012,8860a24b45fffff,17.480737638610396,78.39335724809052,1127.984153778871,28,272,5,3,2,2,2,3,6,10,12,12,11,11,12,12,11,11,12,14,17,25,28,27,15,9,Phase 5
hyderabad,34552,8860a2482bfffff,17.501541062383744,78.3118920663301,1017.7912482109853,27,270,5,3,2,2,2,3,6,10,12,12,11,11,12,12,11,11,12,14,17,25,27,26,15,9,Kakatiya Nagar
hyderabad,37626,8860a24861fffff,17.494510485001438,78.33329358770689,929.3799565835072,22,220,4,3,2,2,2,2,5,8,10,10,9,9,10,10,9,9,10,11,13,20,22,21,12,7,Sri Ram Nagar Colony
hyderabad,34140,8860a24b15fffff,17.48747580344011,78.35469896709178,804.837272502009,20,200,4,3,2,2,2,2,4,7,9,9,8,8,9,9,8,8,9,10,12,18,20,19,11,7,Vinayak Nagar Colony
hyderabad,36870,8860a24b09fffff,17.480437018386876,78.37610819955123,694.545243311365,17,177,4,2,2,2,2,2,4,7,8,8,7,7,8,8,7,7,8,9,11,16,17,16,9,6,Venkata Ramana Colony
hyderabad,35662,8860b1969dfffff,17.481185880275987,78.41923678176548,2094.327818712637,45,410,7,4,3,2,2,3,8,15,18,18,16,16,18,18,16,16,18,21,26,41,45,43,23,13,Sangeet Nagar
hyderabad,42807,8860b1968dfffff,17.488976792905902,78.44095838542484,2094.327818712637,53,494,8,5,3,2,2,4,9,18,22,22,20,20,22,22,20,20,22,26,31,49,53,51,27,16,Giri Nagar
hyderabad,42933,8860b19609fffff,17.482511219322404,78.4969182300383,1435.2901231975673,42,400,7,4,3,2,2,3,8,14,18,18,16,16,18,18,16,16,18,21,25,39,42,41,22,13,Ved Vihar AWHO
hyderabad,34302,8860b52dbdfffff,17.505577373814216,78.54487958142057,1117.8692097309927,28,273,5,3,2,2,2,3,6,10,12,12,11,11,12,12,11,11,12,14,17,26,28,27,15,9,Shaili Gardens
hyderabad,40246,8860b52dd5fffff,17.47602598691536,78.55290857620834,2094.327818712637,54,498,8,5,3,2,2,4,9,18,22,22,20,20,22,22,20,20,22,26,32,49,54,52,28,16,Geetha Nagar
hyderabad,34034,8860b52d3bfffff,17.498942336512606,78.59225694149629,1003.648274054671,29,288,5,3,2,2,2,3,6,10,13,13,12,12,13,13,12,12,13,15,18,27,29,28,16,9,Sairam Nagar
hyderabad,34664,8860a24b21fffff,17.510105225468667,78.37670092064313,2094.327818712637,63,580,9,5,3,3,3,4,11,21,26,26,23,23,26,26,23,23,26,30,37,58,63,60,33,18,Setwinabad
hyderabad,38474,8860a24b65fffff,17.503066520018557,78.39811623340672,2094.327818712637,40,370,6,4,2,2,2,3,7,13,16,16,15,15,16,16,15,15,16,19,24,37,40,38,21,12,HMT Hills
hyderabad,34304,8860b1945bfffff,17.511458477346437,78.45435481167767,2094.327818712637,46,425,7,4,3,2,2,3,8,15,19,19,17,17,19,19,17,17,19,22,27,42,46,44,24,13,Ayodhya Nagar
hyderabad,37426,8860a249c7fffff,17.530884687101032,78.29524101646246,310.9487567912753,10,115,3,2,2,1,1,2,3,4,5,5,5,5,5,5,5,5,5,6,7,9,10,10,6,4,Uskabavi
hyderabad,38612,8860b194c1fffff,17.525696625497176,78.42013269759319,1820.5340736460435,48,447,7,4,3,2,2,3,9,16,20,20,18,18,20,20,18,18,20,23,29,44,48,46,25,14,Gajularamaram
hyderabad,33994,8860a24947fffff,17.531970463806626,78.35558474647829,466.70135256815104,18,186,4,3,2,2,2,2,4,7,8,8,8,8,8,8,8,8,8,10,11,16,18,17,10,6,Bachupally
hyderabad,31058,8860b1949dfffff,17.532583015248644,78.39008440442755,1643.643509681428,37,344,6,4,2,2,2,3,7,12,15,15,14,14,15,15,14,14,15,18,22,33,37,35,19,11,NRI Colony
hyderabad,30765,8860b19441fffff,17.52674365495216,78.48055556728792,1497.637290411975,39,365,6,4,3,2,2,3,7,13,16,16,15,15,16,16,15,15,16,19,23,35,39,37,20,12,Caton Residential
hyderabad,42320,8860a24961fffff,17.54695451717391,78.3645042393861,279.8025132860407,9,103,2,2,2,1,1,2,3,4,5,5,4,4,5,5,4,4,5,5,6,8,9,8,5,4,Bachupally
hyderabad,40584,8860b19433fffff,17.555669435528642,78.43799164870974,590.5621059678372,16,164,3,2,2,2,2,2,4,6,7,7,7,7,7,7,7,7,7,8,10,14,16,15,9,6,Colony Name
hyderabad,41207,8860b52e31fffff,17.402464608946673,78.5945782189705,913.6348202677815,26,250,5,3,2,2,2,3,5,9,11,11,10,10,11,11,10,10,11,13,16,23,26,24,14,8,Canara Nagar
hyderabad,34276,8860b52c99fffff,17.423270189013138,78.50434121636486,2094.327818712637,40,368,6,4,2,2,2,3,7,13,16,16,15,15,16,16,15,15,16,19,23,36,40,38,21,12,Padma Rao Nagar
hyderabad,41523,8860a259a1fffff,17.45870518267003,78.40584928418099,1527.472263363436,47,443,7,4,3,2,2,3,9,16,20,20,18,18,20,20,18,18,20,23,28,43,47,45,25,14,Gayatri Nagar
hyderabad,42184,8860a258d9fffff,17.354234100410913,78.3692806363624,306.3132415141446,9,107,3,2,2,1,1,2,3,4,5,5,4,4,5,5,4,4,5,5,6,9,9,9,6,4,Vikas Nagar
hyderabad,38646,8860b1962dfffff,17.512344462276523,78.50615977185231,1446.454808491611,33,316,6,3,2,2,2,3,6,11,14,14,13,13,14,14,13,13,14,16,20,30,33,32,18,10,Jonnabanda
hyderabad,43597,8860a25861fffff,17.39271680183466,78.45195206571228,2094.327818712637,43,392,6,4,3,2,2,3,7,14,17,17,16,16,17,17,16,16,17,20,25,39,43,41,22,12,Indira Nagar
hyderabad,39457,8860a25827fffff,17.41462290515917,78.43083281253095,1317.070789000783,34,330,6,4,2,2,2,3,7,12,15,15,13,13,15,15,13,13,15,17,21,31,34,33,18,11,Bhavani Nagar
hyderabad,45334,8860a25b55fffff,17.371084128688274,78.49033344992122,2094.327818712637,43,392,6,4,3,2,2,3,7,14,17,17,16,16,17,17,16,16,17,20,25,39,43,41,22,12,Dabeerpura
hyderabad,41103,8860a25a43fffff,17.31875374428836,78.46770471967515,2094.327818712637,45,410,7,4,3,2,2,3,8,15,18,18,16,16,18,18,16,16,18,21,26,41,45,43,23,13,Hosnabad Colony
hyderabad,34184,8860a2595bfffff,17.4075626815844,78.45225230200646,2094.327818712637,42,391,6,4,3,2,2,3,7,14,17,17,16,16,17,17,16,16,17,20,25,39,42,41,22,12,Greater Hyderabad Municipal Corporation Central Zone
hyderabad,40876,8860a24b59fffff,17.45810858439154,78.37135231202723,526.0305040603209,12,135,3,2,2,1,1,2,3,5,6,6,6,6,6,6,6,6,6,7,8,11,12,12,7,5,Kondapur
bengaluru,45076,88618926b9fffff,12.843818570151697,77.58813485146923,116.36563460961536,6,71,2,2,1,1,1,1,2,3,3,3,3,3,3,3,3,3,3,4,4,5,6,5,4,3,Weavers Colony
bengaluru,41539,886189263bfffff,12.843606176717023,77.63867346616159,150.21067469273754,7,85,2,2,1,1,1,2,2,3,4,4,4,4,4,4,4,4,4,4,5,6,7,6,4,3,Bettadasanpura
bengaluru,30720,886189260dfffff,12.835991521875348,77.66803984571331,295.75183760293885,9,107,3,2,2,1,1,2,3,4,5,5,4,4,5,5,4,4,5,5,6,9,9,9,6,4,Electronics City Phase 2 (West)
bengaluru,31025,886189263dfffff,12.85103701639264,77.65143985123585,174.2369645919566,7,86,2,2,1,1,1,2,2,3,4,4,4,4,4,4,4,4,4,4,5,6,7,7,4,3,Doddathoguru
bengaluru,44077,8861892667fffff,12.850926973777776,77.67672410680805,329.1539136718965,11,125,3,2,2,1,1,2,3,5,6,6,5,5,6,6,5,5,6,6,7,10,11,11,7,4,Electronics City Phase 2 (East)
bengaluru,34348,88618926a7fffff,12.866216269448213,77.60114472851157,191.57975533684643,8,93,2,2,1,1,1,2,3,4,4,4,4,4,4,4,4,4,4,5,5,7,8,8,5,3,Nobo Nagar
bengaluru,40150,8860145181fffff,12.88919939382959,77.45423861143216,78.72593843288567,4,61,2,1,1,1,1,1,2,2,3,3,3,3,3,3,3,3,3,3,3,4,4,4,3,2,Anchepalya
bengaluru,31462,8861892419fffff,12.873648728353029,77.61390576792083,195.46300090401257,7,89,2,2,1,1,1,2,2,4,4,4,4,4,4,4,4,4,4,4,5,7,7,7,5,3,Akshaynagar Layout
bengaluru,30614,8861892461fffff,12.895948293224905,77.65220355232918,329.52365053441645,11,128,3,2,2,1,1,2,3,5,6,6,5,5,6,6,5,5,6,6,8,11,11,11,7,5,Somasundarapalya
bengaluru,40528,8860145169fffff,12.88890449987789,77.5383710279848,157.26464595529234,7,86,2,2,1,1,1,2,2,3,4,4,4,4,4,4,4,4,4,4,5,6,7,7,4,3,Karishma Hills
bengaluru,30792,8861892441fffff,12.873510560761734,77.64760800030511,297.89702183852614,11,125,3,2,2,1,1,2,3,5,6,6,5,5,6,6,5,5,6,6,7,10,11,11,7,4,Singasandra
bengaluru,31250,8861892715fffff,12.888376101950733,77.67314867741027,417.63213973020254,13,137,3,2,2,1,1,2,3,5,6,6,6,6,6,6,6,6,6,7,8,12,13,12,7,5,Sir M. Visvesvaraya Layout
bengaluru,42458,88618924d5fffff,12.873815313192312,77.5717958715321,139.49242319846093,6,73,2,2,1,1,1,1,2,3,3,3,3,3,3,3,3,3,3,4,4,6,6,6,4,3,Brookes Haven Layout
bengaluru,30248,8861892487fffff,12.896276395155285,77.56796136363104,174.67332653912396,7,85,2,2,1,1,1,2,2,3,4,4,4,4,4,4,4,4,4,4,5,6,7,6,4,3,Yelachenahalli
bengaluru,41161,88618924e9fffff,12.888681905892136,77.59731118778471,246.89583362313533,9,106,3,2,2,1,1,2,3,4,5,5,4,4,5,5,4,4,5,5,6,8,9,9,6,4,Arekere
bengaluru,30638,8861892403fffff,12.888582424948297,77.62258319801714,203.9750357291013,8,94,2,2,1,1,1,2,3,4,4,4,4,4,4,4,4,4,4,5,5,7,8,8,5,4,Hongasandra
bengaluru,30788,88618924e9fffff,12.888681905892136,77.59731118778471,0.0,1,24,1,1,1,1,1,1,1,1,1,1,1,1,1,1,1,1,1,1,1,1,1,1,1,1,Arekere
bengaluru,37330,8861892481fffff,12.888778935824435,77.572046339589,153.59796453394995,7,81,2,2,1,1,1,2,2,3,4,4,3,3,4,4,3,3,4,4,5,6,7,6,4,3,Yadava Layout
bengaluru,38212,886189246dfffff,12.895913983056943,77.66063214334513,61.59894188982006,3,45,1,1,1,1,1,1,2,2,2,2,2,2,2,2,2,2,2,2,2,3,3,3,2,2,Tropical Paradise Layout
bengaluru,34744,8861892405fffff,12.896016094794405,77.6353487530884,219.41988764936582,8,97,2,2,2,1,1,2,3,4,4,4,4,4,4,4,4,4,4,5,6,8,8,8,5,4,GarvebhaviPalya
bengaluru,34544,8860145acbfffff,12.918969047258077,77.49678806597716,162.69260118854697,7,86,2,2,1,1,1,2,2,3,4,4,4,4,4,4,4,4,4,4,5,6,7,7,4,3,BEML Layout 7th Phase
bengaluru,34612,8860145121fffff,12.911418799644771,77.51770197122235,284.67448372164205,10,117,3,2,2,1,1,2,3,5,5,5,5,5,5,5,5,5,5,6,7,10,10,10,6,4,BEML Layout 5th Stage
bengaluru,33992,8861892433fffff,12.903615152730135,77.60598661948124,106.71087201789578,4,61,2,1,1,1,1,1,2,2,3,3,3,3,3,3,3,3,3,3,3,4,4,4,3,2,Madeena Nagar
bengaluru,39459,88618924a3fffff,12.911239225578088,77.56821165296496,272.0663752610706,10,114,3,2,2,1,1,2,3,4,5,5,5,5,5,5,5,5,5,6,7,9,10,9,6,4,Kadirenahalli
bengaluru,33415,88618924b3fffff,12.903834738820114,77.54703785603643,215.859100873795,8,97,2,2,2,1,1,2,3,4,4,4,4,4,4,4,4,4,4,5,6,8,8,8,5,4,Uttarahalli
bengaluru,39058,88618924e7fffff,12.903679253798057,77.58914013387081,319.0703611245175,11,120,3,2,2,1,1,2,3,5,5,5,5,5,5,5,5,5,5,6,7,10,11,11,7,4,K R Layout
bengaluru,40589,886189255bfffff,12.910918131431849,77.65245817024962,48.02864528668954,2,41,1,1,1,1,1,1,1,2,2,2,2,2,2,2,2,2,2,2,2,2,2,2,2,2,Parangipalya
bengaluru,34994,8861892423fffff,12.911017324870064,77.62717586398105,104.81796344327444,5,63,2,1,1,1,1,1,2,3,3,3,3,3,3,3,3,3,3,3,3,4,5,4,3,2,Roopena Agrahara
bengaluru,45342,8861892733fffff,12.903382206208985,77.66497436730651,57.355886182887566,3,48,2,1,1,1,1,1,2,2,2,2,2,2,2,2,2,2,2,2,3,3,3,3,3,2,Haralur
bengaluru,31304,8861892735fffff,12.910816479191432,77.67774762475864,112.32448164857277,5,68,2,2,1,1,1,1,2,3,3,3,3,3,3,3,3,3,3,3,4,5,5,5,3,3,Kasavanahalli
bengaluru,34262,8861892429fffff,12.903483678051382,77.63968913589218,144.62854822640782,6,73,2,2,1,1,1,1,2,3,3,3,3,3,3,3,3,3,3,4,4,6,6,6,4,3,Yellukunte
bengaluru,34610,8860145a89fffff,12.933952696567284,77.48862057950036,270.2349041548027,10,115,3,2,2,1,1,2,3,4,5,5,5,5,5,5,5,5,5,6,7,9,10,10,6,4,Doddagollarahatti
bengaluru,31532,8861892599fffff,12.926141126000603,77.5853057699289,520.1287765708992,17,178,4,3,2,2,2,2,4,7,8,8,7,7,8,8,7,7,8,9,11,15,17,16,10,6,Jayanagar 4th Block
bengaluru,40102,88618925c3fffff,12.926048129416692,77.61057744573026,219.65645972207588,8,96,2,2,1,1,1,2,3,4,4,4,4,4,4,4,4,4,4,5,6,8,8,8,5,4,Balaji Layout
bengaluru,38218,8860145a41fffff,12.926231666909041,77.56004126112575,1185.085939365934,35,339,6,4,3,2,2,3,7,12,15,15,14,14,15,15,14,14,15,17,21,32,35,34,19,11,Banashankari 2nd Stage
bengaluru,42474,8861892593fffff,12.933668033755216,77.5727978939317,2094.327818712637,51,469,8,4,3,2,2,3,9,17,21,21,19,19,21,21,19,19,21,24,30,46,51,48,26,15,Yediyuru
bengaluru,36385,88618925cbfffff,12.918549232873653,77.61466373763236,145.2860692482701,6,72,2,2,1,1,1,1,2,3,3,3,3,3,3,3,3,3,3,4,4,5,6,6,4,3,Jai Bheema Nagar
bengaluru,36475,8861892553fffff,12.918419467300698,77.64837116614693,262.9726447714743,9,111,3,2,2,1,1,2,3,4,5,5,5,5,5,5,5,5,5,5,6,9,9,9,6,4,Sector 1
bengaluru,36527,886189251bfffff,12.925952675128206,77.63585628174273,265.5204930771722,10,113,3,2,2,1,1,2,3,4,5,5,5,5,5,5,5,5,5,6,6,9,10,9,6,4,Jakkasandra
bengaluru,38280,886189255dfffff,12.918352945077519,77.66522964787347,101.38791289746206,5,69,2,2,1,1,1,1,2,3,3,3,3,3,3,3,3,3,3,3,4,5,5,5,4,3,Ambalipura
bengaluru,36222,886189209bfffff,12.925720379335319,77.69486803946674,126.5735976627496,6,72,2,2,1,1,1,1,2,3,3,3,3,3,3,3,3,3,3,4,4,5,6,6,4,3,Devarabeesanahalli
bengaluru,40777,88618920c1fffff,12.925546240432089,77.73704309163739,56.47660608525606,4,52,2,1,1,1,1,1,2,2,2,2,2,2,2,2,2,2,2,3,3,4,4,4,3,2,Gunjur
bengaluru,34546,8860145a09fffff,12.933756294262166,77.5475363223927,2094.327818712637,51,470,8,4,3,2,2,3,9,17,21,21,19,19,21,21,19,19,21,24,30,46,51,49,26,15,Banashankari 3rd Stage
bengaluru,38084,88618925e9fffff,12.940951908983829,77.62768257716621,1820.017955935541,41,380,6,4,3,2,2,3,7,14,17,17,15,15,17,17,15,15,17,20,24,37,41,39,21,12,Ashwini Layout
bengaluru,36535,8860145a13fffff,12.933870158330654,77.51386539312138,197.40437182003922,8,93,2,2,1,1,1,2,3,4,4,4,4,4,4,4,4,4,4,5,5,7,8,8,5,3,Ideal Homes Layout
bengaluru,40076,886189251bfffff,12.925952675128206,77.63585628174273,0.0,1,24,1,1,1,1,1,1,1,1,1,1,1,1,1,1,1,1,1,1,1,1,1,1,1,1,Jakkasandra
bengaluru,30771,8861892545fffff,12.933257167422417,77.68234747819845,102.26405089671871,5,68,2,2,1,1,1,1,2,3,3,3,3,3,3,3,3,3,3,3,4,5,5,5,3,3,Kariyammana Agrahara
bengaluru,37170,8860145ae7fffff,12.956346312950867,77.50161243655228,2094.327818712637,47,427,7,4,3,2,2,3,8,15,19,19,17,17,19,19,17,17,19,22,27,42,47,44,24,14,Mallathahalli
bengaluru,39526,8860145a05fffff,12.94871662358711,77.54778559292673,2094.327818712637,42,385,6,4,3,2,2,3,7,14,17,17,15,15,17,17,15,15,17,20,25,38,42,40,22,12,NTY Layout
bengaluru,42816,8860145a69fffff,12.94116399438934,77.56871230666584,2094.327818712637,43,392,6,4,3,2,2,3,7,14,17,17,16,16,17,17,16,16,17,20,25,39,43,41,22,12,NR Colony
bengaluru,30377,88618925ebfffff,12.940983026740929,77.61925586535979,184.83497389231925,8,92,2,2,1,1,1,2,3,4,4,4,4,4,4,4,4,4,4,5,5,7,8,7,5,3,Koramangala 8th Block
bengaluru,38284,8861892587fffff,12.948541857617831,77.59831850263481,2094.327818712637,56,512,8,5,3,2,2,4,10,18,23,23,20,20,23,23,20,20,23,27,33,51,56,53,29,16,Wilson Garden
bengaluru,44319,886189252bfffff,12.955794342464449,77.66165250097936,90.45449851250325,5,63,2,1,1,1,1,1,2,3,3,3,3,3,3,3,3,3,3,3,3,4,5,4,3,2,Air View Colony
bengaluru,33720,886189256dfffff,12.948195883941374,77.69103656283247,117.66958378473407,6,72,2,2,1,1,1,1,2,3,3,3,3,3,3,3,3,3,3,4,4,5,6,6,4,3,Yemaluru
bengaluru,39290,886014584bfffff,12.971223834528372,77.52711101587661,2094.327818712637,33,302,5,3,2,2,2,2,6,11,13,13,12,12,13,13,12,12,13,16,19,30,33,31,17,10,Saraswathi Nagara
bengaluru,37630,88618925abfffff,12.956009182061896,77.60265692369161,2094.327818712637,49,449,7,4,3,2,2,3,9,16,20,20,18,18,20,20,18,18,20,23,29,44,49,47,25,14,Bethel Layout
bengaluru,37690,88618925b3fffff,12.956097152047933,77.57738503936817,2094.327818712637,35,322,5,3,2,2,2,3,6,12,14,14,13,13,14,14,13,13,14,17,20,32,35,33,18,10,Kalasipalyam
bengaluru,33966,88618925a3fffff,12.963506095880321,77.59857039427168,2094.327818712637,37,344,6,3,2,2,2,3,7,12,15,15,14,14,15,15,14,14,15,18,22,34,37,35,19,11,Langford Gardens
bengaluru,35570,88618920a9fffff,12.955532367899814,77.7291236650614,34.719758093797026,3,42,1,1,1,1,1,1,1,2,2,2,2,2,2,2,2,2,2,2,2,2,3,2,2,2,Siddapura
bengaluru,35558,88618920bdfffff,12.95559950785374,77.71225111590515,70.28548863831988,4,57,2,1,1,1,1,1,2,2,3,3,2,2,3,3,2,2,3,3,3,4,4,4,3,2,Silver Springs Layout
bengaluru,41473,8860145813fffff,12.98630757775131,77.48527501935207,2094.327818712637,36,334,6,3,2,2,2,3,6,12,15,15,13,13,15,15,13,13,15,17,21,33,36,34,19,11,Byadarahalli
bengaluru,34658,8860145b19fffff,12.978609335035548,77.55670523298143,2094.327818712637,36,325,5,3,2,2,2,3,6,12,14,14,13,13,14,14,13,13,14,17,21,32,36,34,18,10,Rajajinagar 6th Block
bengaluru,42818,8860145b55fffff,12.978554434046352,77.57354967361115,2094.327818712637,36,325,5,3,2,2,2,3,6,12,14,14,13,13,14,14,13,13,14,17,21,32,36,34,18,10,Gandhi Park
bengaluru,44079,8861892e91fffff,12.985909282285935,77.611587610053,2094.327818712637,37,346,6,4,2,2,2,3,7,12,15,15,14,14,15,15,14,14,15,18,22,34,37,36,19,11,Sivanchetti Gardens
bengaluru,30664,8861892ec3fffff,12.97832387916077,77.64095929419824,568.8510526939033,8,91,2,2,1,1,1,1,2,3,4,4,4,4,4,4,4,4,4,5,5,8,8,8,5,3,Old Binnamangala
bengaluru,35088,8861892ec3fffff,12.97832387916077,77.64095929419824,2088.2659743802246,59,535,9,5,3,2,2,4,10,19,24,24,21,21,24,24,21,21,24,28,34,53,59,56,30,17,Old Binnamangala
bengaluru,35494,8861892525fffff,12.97073259134499,77.67033920608478,70.56905040343302,4,57,2,1,1,1,1,1,2,2,3,3,2,2,3,3,2,2,3,3,3,4,4,4,3,2,BEML
bengaluru,35572,8861892e5dfffff,12.970637681019864,77.69563862501958,66.3805435163293,4,52,2,1,1,1,1,1,2,2,2,2,2,2,2,2,2,2,2,3,3,4,4,4,3,2,Ambedkar Colony
bengaluru,38210,88618920b5fffff,12.9631027483183,77.70816223984903,64.69182993684886,4,52,2,1,1,1,1,1,2,2,2,2,2,2,2,2,2,2,2,3,3,4,4,4,3,2,Maruthi Layout
bengaluru,41913,88618920a7fffff,12.970540299391507,77.72094518330486,98.5262912057745,5,68,2,2,1,1,1,1,2,3,3,3,3,3,3,3,3,3,3,3,4,5,5,5,3,3,Kundalahalli
bengaluru,41783,8861892e53fffff,12.970701229033873,77.67877155204597,66.71520320082837,4,52,2,1,1,1,1,1,2,2,2,2,2,2,2,2,2,2,2,3,3,4,4,4,3,2,Talacauvery Layout
bengaluru,36154,88618921d5fffff,12.977911778442502,77.75060837936606,54.84052204437448,3,47,2,1,1,1,1,1,2,2,2,2,2,2,2,2,2,2,2,2,3,3,3,3,2,2,"D Silva Layout , Happy Valley"
bengaluru,30566,8860145809fffff,12.986207381130708,77.51894082015416,2094.327818712637,42,384,6,4,3,2,2,3,7,14,17,17,15,15,17,17,15,15,17,20,25,38,42,40,21,12,Vinayaka Nagar
bengaluru,31277,8860145b3bfffff,13.001062428301958,77.55286897286263,2094.327818712637,36,325,5,3,2,2,2,3,6,12,14,14,13,13,14,14,13,13,14,17,21,32,36,34,18,10,Ketamaranahalli
bengaluru,45744,8861892e3bfffff,13.000671744916929,77.67085045605917,117.71175163298207,5,70,2,2,1,1,1,1,2,3,3,3,3,3,3,3,3,3,3,4,4,5,5,5,4,3,Darga Mohalla
bengaluru,31434,8861892e17fffff,12.99320212604278,77.66650643357218,120.44435743894618,6,71,2,2,1,1,1,1,2,3,3,3,3,3,3,3,3,3,3,4,4,5,6,5,4,3,Pai Layout
bengaluru,39340,8861892e57fffff,12.978170872453102,77.6831161508207,62.59402109103627,4,51,2,1,1,1,1,1,2,2,2,2,2,2,2,2,2,2,2,3,3,3,4,4,3,2,Abbaiah Reddy Layout
bengaluru,34835,8861892199fffff,12.977978201670528,77.73373056728047,96.53874273959099,5,68,2,2,1,1,1,1,2,3,3,3,3,3,3,3,3,3,3,3,4,5,5,5,3,3,Pattanduru Agrahara
bengaluru,34754,8861892e69fffff,12.993016941115373,77.7171139345799,45.594398550264835,3,45,1,1,1,1,1,1,2,2,2,2,2,2,2,2,2,2,2,2,2,3,3,3,2,2,Hoodi
bengaluru,38600,88618921c1fffff,12.977844254396242,77.76748935802465,120.82897925874785,6,71,2,2,1,1,1,1,2,3,3,3,3,3,3,3,3,3,3,4,4,5,6,5,4,3,AKG Colony
bengaluru,41915,8860145959fffff,13.016046882954079,77.54469686488636,2094.327818712637,40,367,6,4,2,2,2,3,7,13,16,16,15,15,16,16,15,15,16,19,23,36,40,38,20,12,Shankar Nagar
bengaluru,41651,8860145835fffff,13.016168512447885,77.50260030519318,2094.327818712637,43,395,7,4,3,2,2,3,8,14,17,17,16,16,17,17,16,16,17,20,25,39,43,41,22,13,Shivapura
bengaluru,30995,8861892ebbfffff,13.000873807961767,77.6118402142471,2094.327818712637,44,407,7,4,3,2,2,3,8,15,18,18,16,16,18,18,16,16,18,21,26,40,44,42,23,13,Frazer Town
bengaluru,40144,8860145b3dfffff,13.008503358830348,77.56562750083489,2094.327818712637,42,384,6,4,3,2,2,3,7,14,17,17,15,15,17,17,15,15,17,20,25,38,42,40,21,12,Milk Colony
bengaluru,37674,8860145b69fffff,12.993433658569543,77.59907425308099,2094.327818712637,46,418,7,4,3,2,2,3,8,15,18,18,17,17,18,18,17,17,18,22,27,41,46,44,23,13,Kaverappa Layout
bengaluru,42312,8861892e95fffff,12.993377421558263,77.61592752561967,2094.327818712637,44,407,7,4,3,2,2,3,8,15,18,18,16,16,18,18,16,16,18,21,26,40,44,42,23,13,Sindhi Colony
bengaluru,42260,8861892eadfffff,13.015727007540049,77.64580994508394,862.9946071773198,26,255,5,3,2,2,2,3,6,10,11,11,10,10,11,11,10,10,11,13,16,24,26,25,14,9,HRBR Layout 1st Block
bengaluru,45094,8861892e6bfffff,12.99304849272613,77.70867736777149,90.5374835231077,5,67,2,2,1,1,1,1,2,3,3,3,3,3,3,3,3,3,3,3,4,5,5,5,3,2,Kaveri Nagara
bengaluru,31320,8861892e61fffff,13.000519169571689,77.71302445863543,85.14612837586805,5,65,2,2,1,1,1,1,2,3,3,3,3,3,3,3,3,3,3,3,3,4,5,5,3,2,Ayyappanagara
bengaluru,38208,8861892ccbfffff,13.023306554646009,77.6164332176999,2094.327818712637,42,385,6,4,3,2,2,3,7,14,17,17,15,15,17,17,15,15,17,20,25,38,42,40,22,12,Shampura
bengaluru,37676,8861892cd3fffff,13.023386294619495,77.5911519045836,2094.327818712637,40,367,6,4,2,2,2,3,7,13,16,16,15,15,16,16,15,15,16,19,23,36,40,38,20,12,Ganga Nagar
bengaluru,33666,8861892cc9fffff,13.023279425240565,77.62486191422086,2094.327818712637,45,415,7,4,3,2,2,3,8,15,18,18,17,17,18,18,17,17,18,22,26,41,45,43,23,13,HRBR Layout 1st Block
bengaluru,34780,8861892c5dfffff,13.023139654191924,77.66701732659277,105.87952763795975,5,69,2,2,1,1,1,1,2,3,3,3,3,3,3,3,3,3,3,3,4,5,5,5,4,3,Jayantinagara
bengaluru,30378,8861892c5bfffff,13.015698566233956,77.6542412085338,100.20947118262984,5,68,2,2,1,1,1,1,2,3,3,3,3,3,3,3,3,3,3,3,4,5,5,5,3,3,Banaswadi
bengaluru,45070,8861892f1bfffff,13.030523130718942,77.69666643206374,147.88116293001232,7,86,2,2,1,1,1,2,2,3,4,4,4,4,4,4,4,4,4,4,5,6,7,7,4,3,Megacity Layout
bengaluru,34766,8861892f51fffff,13.022962846086324,77.71763003354415,149.3023578508446,7,81,2,2,1,1,1,2,2,3,4,4,3,3,4,4,3,3,4,4,5,6,7,6,4,3,Bhattarahalli
bengaluru,38150,8860145981fffff,13.04612167743538,77.48625962775724,2094.327818712637,51,473,8,5,3,2,2,3,9,17,21,21,19,19,21,21,19,19,21,25,30,47,51,49,26,15,Muniswamappa Layout
bengaluru,34742,8860145951fffff,13.02353836431236,77.54061079499611,2094.327818712637,39,359,6,4,2,2,2,3,7,13,16,16,14,14,16,16,14,14,16,19,23,35,39,37,20,11,Goragunte Palya
bengaluru,33974,886014594dfffff,13.03093101821963,77.57021486830193,2094.327818712637,36,335,6,3,2,2,2,3,6,12,15,15,13,13,15,15,13,13,15,17,21,33,36,35,19,11,Jaladarshini Layout
bengaluru,43063,8861892c89fffff,13.038296808216472,77.6082577678106,2094.327818712637,39,359,6,4,2,2,2,3,7,13,16,16,14,14,16,16,14,14,16,19,23,35,39,37,20,11,Kanaka Nagar
bengaluru,39934,88601459c5fffff,13.038589236022318,77.50717993930718,2094.327818712637,40,370,6,4,2,2,2,3,7,13,16,16,15,15,16,16,15,15,16,19,24,37,40,38,21,12,HMT Layout
bengaluru,36010,8860145909fffff,13.03847219401127,77.54928173934807,2094.327818712637,42,383,6,4,3,2,2,3,7,14,17,17,15,15,17,17,15,15,17,20,24,38,42,40,21,12,Gokula
bengaluru,40674,8861892c93fffff,13.03839867660166,77.57455239721563,2094.327818712637,37,336,6,3,2,2,2,3,6,12,15,15,13,13,15,15,13,13,15,17,21,33,37,35,19,11,NGEF Layout
bengaluru,39114,8861892c1bfffff,13.030721179575117,77.63763343127609,2094.327818712637,51,470,8,4,3,2,2,3,9,17,21,21,19,19,21,21,19,19,21,24,30,46,51,49,26,15,Palm Grove
bengaluru,42488,8861892c09fffff,13.038107950647806,77.66727281142002,98.82716040875785,5,67,2,2,1,1,1,1,2,3,3,3,3,3,3,3,3,3,3,3,4,5,5,5,3,2,Kalkere
bengaluru,33838,88601459e7fffff,13.0610319085864,77.50334146583478,2094.327818712637,41,380,6,4,3,2,2,3,7,14,17,17,15,15,17,17,15,15,17,20,24,37,41,39,21,12,MEI Layout
bengaluru,34540,8860145929fffff,13.060897783773095,77.55386751849922,2094.327818712637,39,360,6,4,2,2,2,3,7,13,16,16,14,14,16,16,14,14,16,19,23,36,39,37,20,11,Ramachandrapura
bengaluru,43721,886014596dfffff,13.05335895741716,77.57480314076648,2094.327818712637,40,367,6,4,2,2,2,3,7,13,16,16,15,15,16,16,15,15,16,19,23,36,40,38,20,12,Tatanagar
bengaluru,34734,8861892c87fffff,13.05328507169204,77.60008227294723,2094.327818712637,47,432,7,4,3,2,2,3,8,16,19,19,17,17,19,19,17,17,19,23,28,43,47,45,24,14,Kempapura
bengaluru,33926,8861892c35fffff,13.068096137858458,77.65091670586659,93.15876965138406,5,65,2,2,1,1,1,1,2,3,3,3,3,3,3,3,3,3,3,3,3,4,5,5,3,2,Byrathi Bande
bengaluru,31244,8861892a99fffff,13.030280251403394,77.76418032586865,41.104334315703376,3,47,2,1,1,1,1,1,2,2,2,2,2,2,2,2,2,2,2,2,3,3,3,3,2,2,Kajisonnenahalli
bengaluru,33509,8861892ce9fffff,13.045713363957386,77.62945687128551,2094.327818712637,55,502,8,5,3,2,2,4,10,18,22,22,20,20,22,22,20,20,22,26,32,50,55,53,28,16,Ashwath Nagar
bengaluru,37414,88601696cbfffff,13.075922026233266,77.52884929848456,2094.327818712637,45,410,7,4,3,2,2,3,8,15,18,18,16,16,18,18,16,16,18,21,26,41,45,43,23,13,Abbigere
bengaluru,35388,8861892cb7fffff,13.068295269973788,77.58347992285206,2094.327818712637,46,426,7,4,3,2,2,3,8,15,19,19,17,17,19,19,17,17,19,22,27,42,46,44,24,14,Rajiv Gandhi Nagar
bengaluru,42172,8861892ca1fffff,13.068222661605226,77.60876274498547,2094.327818712637,49,451,7,4,3,2,2,3,9,16,20,20,18,18,20,20,18,18,20,24,29,45,49,47,25,14,Arkavathy Layout 8th Block
bengaluru,36375,8861892c33fffff,13.060652248943377,77.63814141676605,139.25426263034882,7,81,2,2,1,1,1,2,2,3,4,4,3,3,4,4,3,3,4,4,5,6,7,6,4,3,Arkavathy Layout 6th Block
bengaluru,37424,8860169693fffff,13.090978957065953,77.48699834237436,2094.3278187126366,48,445,7,4,3,2,2,3,8,16,20,20,18,18,20,20,18,18,20,23,28,44,48,46,25,14,Soladevanahalli
bengaluru,35894,8861892d93fffff,13.090677965400245,77.60492691754405,2094.327818712637,50,458,8,4,3,2,2,3,9,17,20,20,18,18,20,20,18,18,20,24,29,46,50,48,26,15,Surabhi Layout
bengaluru,30832,8861892dd5fffff,13.083112124737175,77.63430656119503,2094.327818712637,49,448,7,4,3,2,2,3,9,16,20,20,18,18,20,20,18,18,20,23,29,44,49,46,25,14,Bhartiya City
bengaluru,35264,8861892dc3fffff,13.083087243907451,77.64273858281072,1471.0175813321207,35,332,6,4,2,2,2,3,7,12,15,15,13,13,15,15,13,13,15,17,21,32,35,33,18,11,Bhartiya City
bengaluru,38838,8860169607fffff,13.105728284678387,77.57146769155591,2094.327818712637,40,371,6,4,2,2,2,3,7,13,16,16,15,15,16,16,15,15,16,19,24,37,40,39,21,12,5th Phase
bengaluru,37430,8861892d87fffff,13.105570161285307,77.63047131131401,2094.327818712637,51,470,8,4,3,2,2,3,9,17,21,21,19,19,21,21,19,19,21,24,30,46,51,49,26,15,Fakir Colony
bengaluru,34134,8861892db5fffff,13.12055627465143,77.62229307285972,2094.327818712637,38,351,6,4,2,2,2,3,7,13,15,15,14,14,15,15,14,14,15,18,22,35,38,37,20,11,Dwaraka Nagar
bengaluru,41447,8860169759fffff,13.12060088032231,77.60543163807083,2094.327818712637,54,498,8,5,3,2,2,4,9,18,22,22,20,20,22,22,20,20,22,26,32,49,54,52,28,16,Venkatala
bengaluru,38682,8860169623fffff,13.120686776868695,77.571718331367,2094.327818712637,57,519,8,5,3,2,2,4,10,19,23,23,21,21,23,23,21,21,23,27,33,51,57,54,29,16,Anantapura
bengaluru,35704,8860169445fffff,13.143133805381124,77.56788074699747,2094.327818712637,49,447,7,4,3,2,2,3,8,16,20,20,18,18,20,20,18,18,20,23,29,44,49,46,25,14,Shinganayakanahalli
bengaluru,40680,8860169745fffff,13.142988908795289,77.62688916173974,1503.0162272960654,41,382,7,4,3,2,2,3,8,14,17,17,15,15,17,17,15,15,17,20,24,37,41,39,21,12,Bharathi Nagar
bengaluru,44866,88601692c5fffff,13.142830446325716,77.68593659085172,640.5616788395541,19,196,4,3,2,2,2,2,4,7,9,9,8,8,9,9,8,8,9,10,12,17,19,18,10,7,Hoovinayakanahalli
bengaluru,38148,88601682d9fffff,13.22543379643975,77.54818781022716,119.75123773180735,5,64,2,1,1,1,1,1,2,3,3,3,3,3,3,3,3,3,3,3,3,4,5,5,3,2,Kadathanamale
bengaluru,45881,8860169023fffff,13.22513556402118,77.6915683335312,36.23648608032227,3,45,1,1,1,1,1,1,2,2,2,2,2,2,2,2,2,2,2,2,2,3,3,3,2,2,Chikkasanni
bengaluru,33724,8860145a35fffff,12.96373131711767,77.53119609815312,2094.327818712637,39,358,6,4,2,2,2,3,7,13,16,16,14,14,16,16,14,14,16,18,23,35,39,37,20,11,Attiguppe
bengaluru,35322,8861892751fffff,12.865863261997967,77.68541005320519,147.04849614984747,5,69,2,2,1,1,1,1,2,3,3,3,3,3,3,3,3,3,3,3,4,5,5,5,4,3,Sriramapura
bengaluru,34752,8861892627fffff,12.865972024598275,77.66012211749144,99.00011886469285,5,63,2,1,1,1,1,1,2,3,3,3,3,3,3,3,3,3,3,3,3,4,5,4,3,2,Doddathoguru
bengaluru,31108,88618924ddfffff,12.866316864420968,77.5758806329047,160.5932326651747,7,81,2,2,1,1,1,2,2,3,4,4,3,3,4,4,3,3,4,4,5,6,7,6,4,3,Brookes Haven Layout
bengaluru,41096,88618925d9fffff,12.91111406152771,77.60190071276392,230.46040796389883,8,97,2,2,2,1,1,2,3,4,4,4,4,4,4,4,4,4,4,5,6,8,8,8,5,4,MICO Layout
bengaluru,31530,8861892421fffff,12.910984533466165,77.63560250473422,158.9373033636016,6,73,2,2,1,1,1,1,2,3,3,3,3,3,3,3,3,3,3,4,4,6,6,6,4,3,Sector 7
bengaluru,34350,88618925c3fffff,12.926048129416692,77.61057744573026,0.0,1,24,1,1,1,1,1,1,1,1,1,1,1,1,1,1,1,1,1,1,1,1,1,1,1,1,Balaji Layout
bengaluru,36730,8861892729fffff,12.903243085469857,77.69869912170476,107.68002851660648,5,70,2,2,1,1,1,1,2,3,3,3,3,3,3,3,3,3,3,4,4,5,5,5,4,3,Chikkakanneli
bengaluru,43557,8861892081fffff,12.940591547372376,77.72042883104749,33.28809174897707,3,45,1,1,1,1,1,1,2,2,2,2,2,2,2,2,2,2,2,2,2,3,3,3,2,2,Balagere
bengaluru,45326,88618925e9fffff,12.940951908983829,77.62768257716621,0.0,1,24,1,1,1,1,1,1,1,1,1,1,1,1,1,1,1,1,1,1,1,1,1,1,1,1,Ashwini Layout
bengaluru,37688,8861892037fffff,12.962900947131931,77.75878831753252,23.529204403184487,2,41,1,1,1,1,1,1,1,2,2,2,2,2,2,2,2,2,2,2,2,2,2,2,2,2,Hagaduru
bengaluru,30558,8861892187fffff,13.000392155291495,77.74677793427402,48.89647670171483,4,51,2,1,1,1,1,1,2,2,2,2,2,2,2,2,2,2,2,3,3,3,4,4,3,2,Kadugodi Colony
bengaluru,43443,8861892f6bfffff,13.045347470239173,77.73911585904915,48.754476307883166,3,47,2,1,1,1,1,1,2,2,2,2,2,2,2,2,2,2,2,2,3,3,3,3,2,2,Cheemasandra
bengaluru,35568,8861892087fffff,12.948095774097022,77.71633997965183,49.374196078104276,3,45,1,1,1,1,1,1,2,2,2,2,2,2,2,2,2,2,2,2,2,3,3,3,2,2,GJM Sai Garden Layout
bengaluru,35680,88618921a9fffff,13.00783164546451,77.75956886200628,110.99100477851603,6,72,2,2,1,1,1,1,2,3,3,3,3,3,3,3,3,3,3,4,4,5,6,6,4,3,Kumbena Agrahara
bengaluru,40523,886189276dfffff,12.895666163093255,77.7196544962444,66.85993905315334,4,52,2,1,1,1,1,1,2,2,2,2,2,2,2,2,2,2,2,3,3,4,4,4,3,2,Mulluru
bengaluru,37208,8861892ec9fffff,12.970794492951715,77.65347689647938,158.45163932818087,7,86,2,2,1,1,1,2,2,3,4,4,4,4,4,4,4,4,4,4,5,6,7,7,4,3,Puttappa Layout
bengaluru,37332,8861892453fffff,12.866147846290808,77.61799143709315,75.81705576513959,4,52,2,1,1,1,1,1,2,2,2,2,2,2,2,2,2,2,2,3,3,4,4,4,3,2,Yelenahalli
bengaluru,36818,8861892449fffff,12.86600773366905,77.6516943928261,80.08456452341288,4,52,2,1,1,1,1,1,2,2,2,2,2,2,2,2,2,2,2,3,3,4,4,4,3,2,Doddathoguru
bengaluru,44862,88618921c3fffff,12.977878154059178,77.75904847300117,37.704533834816196,3,44,1,1,1,1,1,1,1,2,2,2,2,2,2,2,2,2,2,2,2,3,3,3,2,2,AKG Colony
bengaluru,45631,88618921dbfffff,12.962969313494249,77.74190979031044,80.17642717224629,5,63,2,1,1,1,1,1,2,3,3,3,3,3,3,3,3,3,3,3,3,4,5,4,3,2,R. Narayanapura
bengaluru,45768,8861892197fffff,12.992985114346366,77.72555129411877,53.04963230182794,4,51,2,1,1,1,1,1,2,2,2,2,2,2,2,2,2,2,2,3,3,3,4,4,3,2,Tigalarapalya
bengaluru,30622,8861892e0bfffff,12.985640719825025,77.6874611712556,101.79122590790597,5,69,2,2,1,1,1,1,2,3,3,3,3,3,3,3,3,3,3,3,4,5,5,5,4,3,Anakappa Layout
pune,31214,88608852d3fffff,18.444894710573077,73.83857340247546,557.3881980837391,17,179,4,3,2,2,2,2,4,7,8,8,7,7,8,8,7,7,8,9,11,16,17,16,10,6,Katraj
pune,38032,886088cd2dfffff,18.440206780475197,73.89178657075315,1588.860118866174,55,515,8,5,3,2,2,4,10,19,23,23,21,21,23,23,21,21,23,27,33,50,55,53,29,16,Yewalewadi
pune,35647,886088570bfffff,18.456944819820443,73.78951862780437,996.988430029308,31,295,5,3,2,2,2,3,6,11,13,13,12,12,13,13,12,12,13,15,19,28,31,29,16,10,Shivane
pune,35532,886088cda7fffff,18.444121755505314,73.82219783628479,1417.7263402915041,40,378,6,4,3,2,2,3,7,14,17,17,15,15,17,17,15,15,17,20,24,37,40,38,21,12,Shelke Nagar
pune,41829,8860885259fffff,18.44097370628202,73.9081774472196,482.4657640311505,14,149,3,2,2,1,1,2,4,6,7,7,6,6,7,7,6,6,7,7,9,13,14,13,8,5,Yewalewadi
pune,41827,88608852c1fffff,18.453434498265583,73.86727191335177,2094.327818712637,45,416,7,4,3,2,2,3,8,15,18,18,17,17,18,18,17,17,18,22,27,41,45,43,23,13,Katraj
pune,37476,8860885209fffff,18.462741823106246,73.9123762393157,1743.3753383636242,50,469,8,5,3,2,2,4,9,17,21,21,19,19,21,21,19,19,21,24,30,45,50,48,26,15,Krushna Nagar
pune,34274,8860885241fffff,18.456125164001165,73.9246396343363,562.3876426155836,17,175,4,2,2,2,2,2,4,7,8,8,7,7,8,8,7,7,8,9,10,15,17,16,9,6,Krushna Nagar
pune,33535,8860885761fffff,18.472483797415013,73.81413554434008,933.2546741151197,29,288,5,3,2,2,2,3,6,10,13,13,12,12,13,13,12,12,13,15,18,27,29,28,16,9,Manik Baug
pune,35892,886088529dfffff,18.459271982359013,73.83863668703765,1404.1761558514518,42,400,7,4,3,2,2,3,8,15,18,18,16,16,18,18,16,16,18,21,25,39,42,40,22,13,Shelke Nagar
pune,34768,8860885213fffff,18.461202773228358,73.87959385765701,2094.327818712637,37,344,6,3,2,2,2,3,7,12,15,15,14,14,15,15,14,14,15,18,22,34,37,35,19,11,Mahesh Society
pune,36288,886088528dfffff,18.46742757209647,73.85914454152348,2094.327818712637,37,336,6,3,2,2,2,3,6,12,15,15,13,13,15,15,13,13,15,17,21,33,37,35,19,11,Shankar Maharaj Vasahat
pune,38204,8860885261fffff,18.477894176865146,73.92884080637617,980.0040084570461,27,270,5,3,2,2,2,3,6,10,12,12,11,11,12,12,11,11,12,14,17,25,27,26,15,9,Krushna Nagar
pune,42476,8860885721fffff,18.486077429310043,73.79782512247087,870.9016894831303,23,230,4,3,2,2,2,2,5,9,10,10,9,9,10,10,9,9,10,12,14,22,23,23,13,8,Warje
pune,42943,88608852a1fffff,18.4887999057179,73.85514501761712,2094.327818712637,38,350,6,4,2,2,2,3,7,13,15,15,14,14,15,15,14,14,15,18,22,35,38,36,20,11,Sahakar Nagar
pune,36856,886088520dfffff,18.47012575157934,73.91650868183144,1840.0771999312224,48,447,7,4,3,2,2,3,9,16,20,20,18,18,20,20,18,18,20,23,29,44,48,46,25,14,Krushna Nagar
pune,33409,886088c9b1fffff,18.486046840636188,73.94937738932295,1180.166711525564,34,325,6,4,2,2,2,3,7,12,14,14,13,13,14,14,13,13,14,17,21,31,34,33,18,11,Manter Wadi
pune,39166,88608850d9fffff,18.487246063140525,73.8223852355855,1028.7560892582303,28,273,5,3,2,2,2,3,6,10,12,12,11,11,12,12,11,11,12,14,17,26,28,27,15,9,Karve Nagar
pune,30615,8860885231fffff,18.483352025282482,73.89198447933548,2094.327818712637,40,363,6,4,2,2,2,3,7,13,16,16,14,14,16,16,14,14,16,19,23,36,40,38,20,12,Kondhwa
pune,37698,886088c9a7fffff,18.50120063853299,73.96585337883998,796.0929221649496,24,242,5,3,2,2,2,2,5,9,11,11,10,10,11,11,10,10,11,12,15,22,24,23,13,8,Gopalpatti
pune,31026,8860885501fffff,18.513248873698675,73.76521047578144,252.57436044886427,11,118,3,2,2,1,1,2,3,5,5,5,5,5,5,5,5,5,5,6,7,10,11,10,6,4,Bavdhan Budruk
pune,35910,8860885357fffff,18.506660630163616,73.92897649026042,2094.327818712637,37,345,6,3,2,2,2,3,7,12,15,15,14,14,15,15,14,14,15,18,22,34,37,36,19,11,काळुबाई चौक
pune,36000,8860885301fffff,18.521428798424157,73.93724574914053,2094.3278187126375,43,393,6,4,3,2,2,3,8,14,17,17,16,16,17,17,16,16,17,20,25,39,43,41,22,12,Keshav Nagar
pune,39454,88608850a9fffff,18.530752800363317,73.83076248472412,2094.327818712637,37,339,6,3,2,2,2,3,7,12,15,15,13,13,15,15,13,13,15,18,22,33,37,35,19,11,Model Colony
pune,34104,88608850e1fffff,18.52415278214592,73.84301714984814,2094.327818712637,38,351,6,4,2,2,2,3,7,13,15,15,14,14,15,15,14,14,15,18,22,35,38,37,20,11,Shivajinagar
pune,32398,886088502bfffff,18.533093582302428,73.87992069079334,2094.327818712637,40,367,6,4,2,2,2,3,7,13,16,16,15,15,16,16,15,15,16,19,23,36,40,38,20,12,Suyojan Society
pune,38080,8860885069fffff,18.519881284287298,73.9044456665107,2094.327818712637,39,359,6,4,2,2,2,3,7,13,16,16,14,14,16,16,14,14,16,19,23,35,39,37,20,11,Dobarwadi
pune,30513,8860885311fffff,18.513272001621193,73.91671034781277,2094.327818712637,44,406,7,4,3,2,2,3,8,14,18,18,16,16,18,18,16,16,18,21,26,40,44,42,23,13,काळुबाई चौक
pune,34010,8860885329fffff,18.536197195366235,73.945516765697,2094.327818712637,51,469,8,4,3,2,2,3,9,17,21,21,19,19,21,21,19,19,21,24,30,46,51,48,26,15,Keshav Nagar
pune,40520,8860885361fffff,18.529585303710725,73.957787959626,1893.0786371290715,43,401,7,4,3,2,2,3,8,14,18,18,16,16,18,18,16,16,18,21,25,39,43,41,22,13,Vasantdada Sugar Institute Colony
pune,38264,8860884251fffff,18.543160435236086,73.78988363061062,510.85107136293226,14,143,3,2,2,1,1,2,3,6,6,6,6,6,6,6,6,6,6,7,9,13,14,13,8,5,Pashan
pune,30579,8860884243fffff,18.550933767959727,73.80219446286334,1184.5541040856656,34,323,6,4,2,2,2,3,7,12,14,14,13,13,14,14,13,13,14,17,20,31,34,32,18,11,Marutrao Gaikwad nagar
pune,41445,886088515bfffff,18.54125428978498,73.90044631692717,2094.327818712637,43,392,6,4,3,2,2,3,7,14,17,17,16,16,17,17,16,16,17,20,25,39,43,41,22,12,Suyojan Society
pune,41707,886088514bfffff,18.549414708758864,73.92097875721278,2094.327818712637,35,322,5,3,2,2,2,3,6,12,14,14,13,13,14,14,13,13,14,17,20,32,35,33,18,10,Harinagar
pune,30442,8860885149fffff,18.549802954429257,73.92918006692125,2094.327818712637,35,323,5,3,2,2,2,3,6,12,14,14,13,13,14,14,13,13,14,17,21,32,35,33,18,10,Kharadi
pune,45382,88608e24d1fffff,18.55135281443079,73.96199454531907,445.788609288928,16,175,4,3,2,2,2,2,4,7,8,8,7,7,8,8,7,7,8,9,10,15,16,16,9,6,Kharadi
pune,38724,88608842cdfffff,18.548963423782673,73.7612678920583,133.72252214207495,6,79,2,2,1,1,1,2,2,3,4,4,3,3,4,4,3,3,4,4,4,6,6,6,4,3,Sus Gaon
pune,31486,8860884211fffff,18.556737372881965,73.77357344509466,249.64336540489077,7,88,2,2,1,1,1,2,2,3,4,4,4,4,4,4,4,4,4,4,5,7,7,7,5,3,Samarth Colony
pune,36906,8860884215fffff,18.56411669243564,73.7776959782563,601.0408138040669,16,165,3,2,2,2,2,2,4,6,7,7,7,7,7,7,7,7,7,8,10,15,16,15,9,6,Ram Indu Park
pune,36074,88608851edfffff,18.576216289542725,73.88011686902547,2094.3278187126366,50,455,7,4,3,2,2,3,9,16,20,20,18,18,20,20,18,18,20,24,29,45,50,48,26,15,Vishrantwadi
pune,45384,8860885151fffff,18.54863728153783,73.90457891092463,2094.327818712637,39,361,6,4,2,2,2,3,7,13,16,16,14,14,16,16,14,14,16,19,23,36,39,38,20,11,Kalyani Nagar
pune,38194,8860885325fffff,18.550578509229886,73.94558545856772,2094.327818712637,68,627,10,6,4,3,3,4,12,22,28,28,25,25,28,28,25,25,28,33,40,62,68,65,35,20,Kharadi
pune,45428,88608842edfffff,18.570705019216486,73.76544894149018,167.95281945484584,6,78,2,2,1,1,1,1,2,3,4,4,3,3,4,4,3,3,4,4,4,6,6,6,4,3,Balewadi High Street
pune,37168,8860884233fffff,18.578084001112913,73.76957101378139,173.94082579871807,6,73,2,2,1,1,1,1,2,3,3,3,3,3,3,3,3,3,3,4,4,6,6,6,4,3,Balewadi
pune,37078,8860885197fffff,18.56648103866129,73.82682424332384,1864.556516169349,56,516,8,5,3,2,2,4,10,18,23,23,21,21,23,23,21,21,23,27,33,51,56,53,29,16,Old Sangvi
pune,31445,88608e2499fffff,18.557962680324433,73.94972183634162,1958.3106380443928,64,589,9,5,3,3,3,4,11,21,26,26,24,24,26,26,24,24,26,31,38,58,64,61,33,19,Kharadi
pune,35902,88608e24ebfffff,18.57389419096863,73.98261694411491,562.3174298326109,15,162,3,2,2,2,2,2,4,6,7,7,7,7,7,7,7,7,7,8,10,14,15,15,9,5,Wagholi
pune,39832,886088423dfffff,18.57887550669817,73.78594236268219,350.78164065376166,10,113,3,2,2,1,1,2,3,4,5,5,5,5,5,5,5,5,5,6,6,9,10,9,6,4,Vishal Nagar
pune,37210,88608e24a9fffff,18.5878883437489,73.97447916845756,447.2298419174179,14,152,3,2,2,2,2,2,4,6,7,7,6,6,7,7,6,6,7,8,9,13,14,13,8,5,Wagholi
pune,31364,88608e24e5fffff,18.588664258317888,73.99089678901365,454.0081114741208,15,163,3,2,2,2,2,2,4,6,7,7,7,7,7,7,7,7,7,8,10,14,15,15,9,6,Wagholi
pune,31298,886088401dfffff,18.606010140310342,73.7533214153192,183.15366124593106,7,81,2,2,1,1,1,2,2,3,4,4,3,3,4,4,3,3,4,4,5,6,7,6,4,3,Shankar Kalat Nagar
pune,40108,8860884055fffff,18.59942718552,73.76556821005038,409.5609178471141,14,148,3,2,2,1,1,2,4,6,7,7,6,6,7,7,6,6,7,7,9,12,14,13,8,5,Sainath colony
pune,45809,8860884227fffff,18.593634552098152,73.7941905047617,627.404294311397,17,180,4,3,2,2,2,2,4,7,8,8,7,7,8,8,7,7,8,9,11,16,17,17,10,6,Pimple Saudagar
pune,37284,8860885a8bfffff,18.611948356372153,73.87618147018132,381.09335656669776,12,135,3,2,2,1,1,2,3,5,6,6,6,6,6,6,6,6,6,7,8,11,12,12,7,5,Ward 1
pune,40725,8860885ac9fffff,18.59875490502501,73.9007120457102,455.631002265362,13,139,3,2,2,1,1,2,3,5,6,6,6,6,6,6,6,6,6,7,8,12,13,13,8,5,Dhanori
pune,36461,88608850ebfffff,18.516771319251593,73.83888988846921,2094.327818712637,38,347,6,4,2,2,2,3,7,12,15,15,14,14,15,15,14,14,15,18,22,34,38,36,19,11,Deccan Gymkhana
pune,45422,8860884011fffff,18.605611773117786,73.74513816534879,110.11972762571376,5,68,2,2,1,1,1,1,2,3,3,3,3,3,3,3,3,3,3,3,4,5,5,5,3,3,Shankar Kalat Nagar
pune,30667,886088404dfffff,18.600617882650376,73.79012708728418,1016.9646484399366,30,292,5,3,2,2,2,3,6,11,13,13,12,12,13,13,12,12,13,15,18,27,30,29,16,10,Rahatani
pune,35312,886088400dfffff,18.614184759741804,73.77381362980692,698.3186559674868,21,212,4,3,2,2,2,2,5,8,9,9,9,9,9,9,9,9,9,11,13,19,21,20,12,7,वनदेवनगर
pune,34294,8860885127fffff,18.599146595640203,73.90891249096676,412.3785299195753,11,118,3,2,2,1,1,2,3,5,5,5,5,5,5,5,5,5,5,6,7,10,11,10,6,4,Ward 1
pune,38270,8860885a13fffff,18.613520037984884,73.90897935318554,287.07584916637046,10,114,3,2,2,1,1,2,3,4,5,5,5,5,5,5,5,5,5,6,7,9,10,9,6,4,Ward 1
pune,35676,88608840e7fffff,18.626147050955854,73.72477048681077,31.81960916486927,3,45,1,1,1,1,1,1,2,2,2,2,2,2,2,2,2,2,2,2,2,3,3,3,2,2,Jaambe
pune,36032,88608841d9fffff,18.63392496426714,73.73707225967048,305.95729360872843,12,135,3,2,2,1,1,2,3,5,6,6,6,6,6,6,6,6,6,7,8,11,12,12,7,5,Punawale
pune,35888,886088415bfffff,18.636321545073194,73.7861850557992,1193.5601400885196,35,332,6,4,2,2,2,3,7,12,15,15,13,13,15,15,13,13,15,17,21,32,35,33,18,11,Chinchwad
pune,35034,8860884331fffff,18.630135975372923,73.80662772403792,943.4870988262257,31,299,6,3,2,2,2,3,6,11,13,13,12,12,13,13,12,12,13,16,19,28,31,30,17,10,Ajmera
pune,41157,886088436dfffff,18.62513343628518,73.85165675372807,1260.054587564854,35,339,6,4,2,2,2,3,7,12,15,15,14,14,15,15,14,14,15,18,21,32,35,34,19,11,Bhosari
pune,35262,88608841c9fffff,18.642103201262458,73.75756148528346,1058.8110981968712,33,321,6,4,2,2,2,3,7,12,14,14,13,13,14,14,13,13,14,17,20,30,33,32,18,11,Punawale
pune,41659,8860885899fffff,18.653070534683792,73.8353944178277,857.6737295789383,30,293,5,3,2,2,2,3,6,11,13,13,12,12,13,13,12,12,13,15,18,28,30,29,16,10,Ajmera
pune,45198,8860884195fffff,18.661828459779052,73.72082354943082,150.40030859623425,7,87,2,2,1,1,1,2,2,3,4,4,4,4,4,4,4,4,4,4,5,7,7,7,4,3,Saangawade
pune,35382,886088411dfffff,18.657659856374693,73.7821817722126,1316.275439585924,38,358,6,4,3,2,2,3,7,13,16,16,14,14,16,16,14,14,16,19,23,34,38,36,20,12,Nigdi
pune,35530,8860884183fffff,18.66223081617246,73.7290056594163,438.40644260554325,15,163,3,2,2,2,2,2,4,6,7,7,7,7,7,7,7,7,7,8,10,14,15,15,9,6,Jaambe
pune,41168,8860884105fffff,18.672817511302245,73.79862175415911,1306.1020796510088,42,392,7,4,3,2,2,3,8,14,17,17,16,16,17,17,16,16,17,20,25,38,42,40,22,13,More Wasti
pune,35386,88608858b1fffff,18.681794757737553,73.83552076379888,816.3133470148456,26,252,5,3,2,2,2,3,5,9,11,11,10,10,11,11,10,10,11,13,16,24,26,25,14,8,More Wasti
pune,34146,8860884359fffff,18.58783519322915,73.82282271893261,1199.918122141341,35,337,6,4,2,2,2,3,7,12,15,15,14,14,15,15,14,14,15,17,21,32,35,33,19,11,Pimple Gurav
pune,31466,8860885109fffff,18.563403434883273,73.91284541733958,2094.327818712637,36,335,6,3,2,2,2,3,6,12,15,15,13,13,15,15,13,13,15,17,21,33,36,35,19,11,Ramwadi
pune,45282,886088500bfffff,18.51133484360422,73.87572514364255,2094.327818712637,36,325,5,3,2,2,2,3,6,12,14,14,13,13,14,14,13,13,14,17,21,32,36,34,18,10,Pune Cantonment
pune,39342,8860885099fffff,18.50083857319731,73.80607255510266,1434.7354582630069,40,380,7,4,3,2,2,3,8,14,17,17,15,15,17,17,15,15,17,20,24,37,40,38,21,12,Dahanukar Colony
