h3,lat,lng,on_time_8pm,orders_8pm,on_time_3pm,orders_3pm
8860884001fffff,18.613786786096547,73.76562785326006,0.9681874864793326,6.696252497804857,0.8802810096282558,2.1034010601413304
8860884003fffff,18.613388502011638,73.75744300486298,0.8118438691737379,1.1168829981661412,0.744816915307872,0.350830988402336
8860884005fffff,18.621165431657573,73.76975055235543,0.9662328732203447,9.858427533536618,0.8767683527922344,3.0966913108735197
8860884007fffff,18.620766920701794,73.76156503388869,0.8381728944919384,1.9249744562885545,0.7364993796906507,0.6046655668121318
8860884009fffff,18.606805944124062,73.76969070018987,0.91846499832576,6.929697228241911,0.7226396955812655,2.1767298203167678
886088400bfffff,18.606408197356643,73.76150559365823,0.8240692977827941,8.378462298354387,0.7550053403769216,2.631810327715388
886088400dfffff,18.614184759741804,73.77381362980692,0.9923601284343294,8.488497598645667,0.9400609820962167,2.6663741927072655
8860884011fffff,18.605611773117786,73.74513816534879,0.7018270840441863,4.38347885949658,0.45065355703062376,1.376921506946573
8860884015fffff,18.612989907619774,73.74925908479186,0.8198657572545147,4.088773963986226,0.7514716661221352,1.2843499395141134
8860884017fffff,18.612591003053716,73.74107609322263,0.6067402214606918,1.8543575123048148,0.38798116109666336,0.5824836441788332
8860884019fffff,18.59863183595812,73.74920026522973,0.6067250834786626,4.2619123879143155,0.38797196620544117,1.3387355148132716
886088401dfffff,18.606010140310342,73.7533214153192,0.8999516990803603,6.297992643839849,0.8260246616507971,1.9783012077513045
8860884021fffff,18.635523927607608,73.7698104104964,0.9157686584128464,18.172822676730522,0.7729731930018772,5.708377110410054
8860884023fffff,18.635124652624324,73.76162448005311,0.9915146073267043,13.078323177239794,0.9109527592337917,4.108112536809957
8860884025fffff,18.642902515102573,73.77393375813358,0.9439995925806997,11.544094665887961,0.8142471466981723,3.6261865822055865
8860884027fffff,18.64250301359117,73.76574715754302,0.9922215248767658,18.938584667276494,0.9140558554950603,5.948915319394609
8860884029fffff,18.628544133679355,73.77387369097198,0.9201781128918894,11.14364612326987,0.7857788260763834,3.5003992273603104
886088402dfffff,18.635922891801535,73.77799726913726,0.9969821711283957,9.252734309767282,0.9426392421367243,2.906433286789977
8860884031fffff,18.627346988950308,73.74931791022536,0.7610520619673231,7.212593805609327,0.41998837963748126,2.2655922043054306
8860884033fffff,18.626947319804504,73.74113450692694,0.9003177944248247,3.3087596392423744,0.5375717676896931,1.0393348421698174
8860884035fffff,18.63472506698453,73.75343947798368,0.9900266171855556,3.4613568891005024,0.9048884491374048,1.0872681029349183
8860884037fffff,18.634325170821167,73.74525540446413,0.9035825303775602,5.291062547461577,0.5415450582657346,1.6620082016401136
8860884039fffff,18.620368099278352,73.75338044370515,0.6234296792734153,2.610442985504581,0.6113105613865508,0.8199823027803707
886088403bfffff,18.61996896751998,73.74519678198091,0.44353835269095254,3.0237265627403667,0.29918283763519893,0.9498013492965713
886088403dfffff,18.62774634773327,73.75750224211637,0.8700124658573495,7.133257732637174,0.7290365674740281,2.240671462434992
8860884041fffff,18.60022129407871,73.78193986710768,0.9931213904454949,15.558384178730531,0.915689653863904,4.887139752623706
8860884043fffff,18.599824394991046,73.77375357463758,0.9274379179156826,6.041748958651149,0.7351063278882726,1.8978109276644768
8860884045fffff,18.60760050629155,73.78606369712581,0.9924785479333198,19.835204816050375,0.9126091195352893,6.230558189357069
8860884047fffff,18.60720338047992,73.77787673473786,0.9662258957238535,15.498800352983732,0.8767560037820392,4.868423510623546
8860884049fffff,18.59323850074509,73.78600302687573,0.9739811130139537,18.759766938101244,0.889044396390827,5.892745782591361
886088404bfffff,18.592842138904363,73.77781647656259,0.7778770856981337,8.265071596645093,0.5881601129349867,2.5961924769453217
886088404dfffff,18.600617882650376,73.79012708728418,0.9991884825033548,20.348762798702168,0.9642686921301656,6.391875046137476
8860884051fffff,18.59204848428995,73.76144615936084,0.9184677188042646,5.927843155112762,0.7226433459936191,1.8620312750905283
8860884053fffff,18.59165119178135,73.7532623928249,0.7458578085638401,4.179732222513513,0.5656926398670112,1.312921397576309
8860884055fffff,18.59942718552,73.76556821005038,0.972787370537848,7.3429104548239446,0.8200881236216853,2.306526768556398
8860884057fffff,18.59902966579817,73.75738377352239,0.9274502065127833,5.927175086858003,0.7351240240240636,1.8618214240617974
8860884059fffff,18.58506659599254,73.76550857279405,0.8933794491255437,1.153004505278028,0.8063136933703843,0.36217733718144074
886088405bfffff,18.5846698407942,73.7573245480937,0.7597842752585291,1.3795565889687227,0.6962803284219449,0.4333410056913198
886088405dfffff,18.592445466708476,73.76963085399882,0.9243903512679477,5.682776120483431,0.7307725027094902,1.7850517614574912
8860884061fffff,18.62196152163488,73.78612437343334,0.8028454969658079,17.71992598328908,0.710017584833103,5.566114944305726
8860884063fffff,18.62156363201285,73.77793699892914,0.9623020672752852,8.759676833876258,0.8700082308860614,2.7515559702849965
8860884065fffff,18.629340676580078,73.79024885208358,0.996642133623256,12.005941825252966,0.9401217345145729,3.7712602342146875
8860884067fffff,18.628942560576792,73.78206080758403,0.9959079346095456,24.67525231111823,0.9351636293642993,7.750895278736162
8860884069fffff,18.614979775182455,73.79018796664455,0.8774393229256909,24.613739007413248,0.7318912401808033,7.7315729565465094
886088406bfffff,18.614582422814678,73.78200033432728,0.9681796506631163,16.811876178178885,0.8802667091934152,5.280881834688661
886088406dfffff,18.62235910039092,73.7943126756914,0.8734002558823051,13.35774851746264,0.725372404096906,4.195884549147866
88608840adfffff,18.633123620518752,73.72070875696326,0.4026167403512585,0.34634471353663315,0.8498056643273384,0.10879246830463975
88608840e5fffff,18.626547340428736,73.73295203239687,0.40528158015488924,1.7468622687711042,0.8514965393775219,0.5487176520387401
88608840e7fffff,18.626147050955854,73.72477048681077,0.46552420687295465,0.7413449455615222,0.886687664254038,0.23286842079740902
88608840edfffff,18.61956952555947,73.73701404889181,0.32821491377395084,1.073119373079599,0.7978161311237015,0.3370841269402216
8860884101fffff,18.6654384780852,73.79449597783689,0.9961350738564344,15.408283084747957,0.9398966819105159,4.839990574734309
8860884103fffff,18.665038609430944,73.78630643870953,0.9955899335777298,18.013395444881393,0.9351769706758202,5.658298441991144
8860884105fffff,18.672817511302245,73.79862175415911,0.9997840793712923,15.414340842106448,0.9814679262768634,4.841893414158914
8860884107fffff,18.672417416953284,73.79043154488146,0.9971545606876943,17.572253932799033,0.9469533901947286,5.519728768208598
8860884109fffff,18.658458830552078,73.79856043808147,0.9082323452645684,13.555160131262854,0.7812657931751619,4.257894725419997
886088410bfffff,18.658059499166043,73.79037064120112,0.9967592174219021,8.977731694403682,0.9428573471874823,2.8200505237613935
886088410dfffff,18.665838035173028,73.80268644481289,0.9968350151825366,14.519025752320603,0.9446000429716965,4.5606604843024865
8860884111fffff,18.657259902311093,73.77399383129271,0.9967606675066217,21.70734836708006,0.9428678149736436,6.818628715560119
8860884115fffff,18.664638429343352,73.7781178276077,0.9963937441854431,19.530907307638113,0.9403023960157172,6.134973427282679
8860884117fffff,18.664237937955548,73.76993014470814,0.9377241478417401,11.911836290064654,0.8083851623524254,3.7417001657218774
8860884119fffff,18.65028115814509,73.77805754536314,0.9955903168447738,23.477878464707395,0.9351792768408407,7.3747808148996095
886088411bfffff,18.64988143027357,73.76987027461368,0.8875126703051619,17.442529901478466,0.7445510725941432,5.4789803548094715
886088411dfffff,18.657659856374693,73.7821817722126,0.9997578429186774,8.606112706863437,0.980239071439065,2.7033189977896592
8860884121fffff,18.68717519395408,73.79868307636053,0.9082806145996234,14.58444581998523,0.7813127249679989,4.581209984149663
8860884129fffff,18.680196598456522,73.80274797019528,0.9961347417092815,2.3738416027367863,0.9398945753310736,0.7456619871250354
886088412bfffff,18.679796278581193,73.79455709075596,0.9968361990177542,6.1150829972098935,0.9446084953370829,1.9208463335873383
8860884139fffff,18.672017011009892,73.78224226358621,0.8932927924566176,16.687477732289906,0.7611280156831806,5.241806273686656
886088413dfffff,18.679395646950272,73.78636713925583,0.9462661000382636,16.386985533320985,0.8241609237642317,5.147416820767634
886088414bfffff,18.64449741031598,73.80668944027558,0.8559818812394311,5.754238500746314,0.7105863428443489,1.8074992492806352
8860884151fffff,18.643700585141588,73.79030974360212,0.9959075817061696,14.612781108876367,0.9351613799235284,4.590110556031109
8860884153fffff,18.643301705663706,73.78212128687883,0.9966433801870322,14.257235454749214,0.9401306783192097,4.4784279236834115
8860884155fffff,18.651079680421386,73.79443487102039,0.9376369903842989,14.902760269068022,0.8082754316480398,4.681197693675033
8860884157fffff,18.65068057490537,73.78624574422427,0.9963923871314485,17.832412724783474,0.9402932012047596,5.601448846572511
8860884159fffff,18.63671988728974,73.79437377030553,0.9969808366914553,16.664241541360152,0.9426290394451642,5.234507410829958
886088415bfffff,18.636321545073194,73.7861850557992,0.999767203238593,12.875634250627876,0.9795372185627556,4.044444671350257
886088415dfffff,18.64409915340332,73.79849912812668,0.9201028296763981,19.545999472592484,0.7856975673500058,6.139714120047066
8860884163fffff,18.673217293923557,73.80681289124212,0.9971532952329897,14.492619096164269,0.9469437696681577,4.552365727112218
8860884167fffff,18.680596606443007,73.81093977739665,0.9230566013934511,14.78464376116951,0.7964323870236092,4.644095390854856
886088416bfffff,18.66623728056132,73.8108778394604,0.9461913584970887,15.191818455949463,0.8240612108455192,4.77199553872766
886088416dfffff,18.674015923450806,73.82319794811521,0.8668305509415785,11.254138756655639,0.6447762541086283,3.535106748063513
8860884181fffff,18.662632862064505,73.73718869866038,0.9557756703703035,6.558197913817007,0.8582286169709905,2.060035885603392
8860884183fffff,18.66223081617246,73.7290056594163,0.986054789429515,4.799585223923116,0.9187770235489684,1.507627236509974
8860884185fffff,18.67001031203713,73.74130978302837,0.806342207353593,4.691323421986637,0.7108439469247891,1.4736204559949546
8860884187fffff,18.669608039323727,73.73312607333429,0.9492429528291481,10.682523983473816,0.8484811889556739,3.355553315707544
8860884189fffff,18.6556569759952,73.74125135182894,0.8350590286887084,6.035300635475553,0.7323975137167882,1.895785405208726
886088418bfffff,18.65525546756625,73.7330680538976,0.9535968487383977,10.392355416208867,0.8548995331703212,3.264406682242802
8860884191fffff,18.654451519420004,73.71670424558673,0.7984940498653222,0.831933896223731,0.732487895308111,0.2613238732945251
8860884193fffff,18.65404907996893,73.70852373555792,0.6452165333822746,1.804538140522073,0.6244302049663746,0.5668345748736143
8860884195fffff,18.661828459779052,73.72082354943082,0.8832680275511977,2.4268867758821364,0.8071850695258563,0.7623243327378817
8860884197fffff,18.661425793017415,73.7126423688793,0.8099119005539694,1.9624447306848278,0.7416849799416847,0.6164355851790833
8860884199fffff,18.647476537156784,73.72076615033272,0.6329445647011075,0.8067958388386464,0.6166917756627446,0.2534276034673323
886088419dfffff,18.654853648663472,73.72488568509169,0.8059873602586025,4.1063266943549355,0.7384994424981843,1.289863535615518
88608841b1fffff,18.676179386687956,73.72088095425843,0.6329810537698906,2.7645208989346797,0.6167146299665405,0.8683806638874936
88608841b9fffff,18.669205455948184,73.72494329285641,0.9536046297967925,4.960078326849386,0.8549112764573357,1.5580407122490016
88608841bbfffff,18.668802562043734,73.71676144177022,0.8060011110980249,3.766766360938616,0.7385105587419695,1.183202150680591
88608841bdfffff,18.676582507567396,73.72906347589122,0.7902760907648756,5.099410582943632,0.6995048892352207,1.601807224231128
88608841c1fffff,18.649081041728767,73.75349851815557,0.9915171780743798,8.344612427552574,0.91096376074632,2.6211775365902743
88608841c3fffff,18.648680381321533,73.74531403279937,0.9158635307135494,4.51437628364001,0.7730774951433337,1.4180385019827244
88608841c5fffff,18.656459060899298,73.7576207343651,0.8700676573493409,5.700944493759171,0.7290834856569788,1.7907587409391883
88608841c9fffff,18.642103201262458,73.75756148528346,0.9990368468742418,13.040010178059305,0.9633312535541904,4.096077804977509
88608841cbfffff,18.64170307824933,73.74937674153114,0.9922243308510278,7.789229649571394,0.914068498705437,2.4467228360883433
88608841cdfffff,18.649481391423805,73.76168393215238,0.9900259145467493,12.41338503485107,0.9048857168945218,3.899244726928632
88608841d1fffff,18.6409019007018,73.73301004025208,0.9003293011480301,2.4911447907447872,0.5375856012544596,0.7825088130317454
88608841d3fffff,18.640500846433348,73.72482808307677,0.7611546666404421,2.4008534378948214,0.42005293120730663,0.7541468408139307
88608841d5fffff,18.648279410335107,73.73713047625971,0.7180762163080103,6.112469389995991,0.3945888296409492,1.920025357349313
88608841d7fffff,18.647878128902512,73.72894784871231,0.7902267438552693,0.6206121837220356,0.6994707672870045,0.1949443103594864
88608841d9fffff,18.63392496426714,73.73707225967048,0.9564864066364629,5.6719889429388815,0.6269601288640829,1.7816633347679995
88608841dbfffff,18.63352444745537,73.72889004377834,0.9035957910632926,1.353076178340687,0.541561398798284,0.42502308103028785
88608841ddfffff,18.64130264468478,73.74119292646206,0.8939870427384027,3.731753991650489,0.5301338838833578,1.172204200005516
8860884203fffff,18.564511525854087,73.78588170454424,0.9498405861781221,19.789343131954535,0.7801410601369764,6.216152293674569
8860884205fffff,18.572285881221596,73.79819267016364,0.7663209436356841,1.374196635740507,0.5645797859855981,0.4316573578142076
8860884207fffff,18.571891130993073,73.79000534679561,0.9210479537321452,10.754856544249336,0.7137083517014433,3.3782741412839155
8860884209fffff,18.5579202614162,73.79813139692678,0.99653250715347,19.85985254278445,0.8843250984729796,6.238300438407493
886088420bfffff,18.557526275274853,73.78994448566561,0.7931818354554536,9.542281584041413,0.6107317368885647,2.9973847620918552
886088420dfffff,18.565300262230796,73.80225593911885,0.9032441847202888,18.80984750775352,0.670042000698682,5.9084768983659846
8860884211fffff,18.556737372881965,73.77357344509466,0.9031968958135724,6.853923594361779,0.6708677952598323,2.1529280981017713
8860884213fffff,18.556342456894914,73.76538931613787,0.818744224236967,3.4403584738005577,0.5787356841295215,1.0806721615456605
8860884215fffff,18.56411669243564,73.7776959782563,0.985508322720147,19.161654102662876,0.866743444704451,6.018985031824159
8860884217fffff,18.56372154904019,73.7695111795367,0.9498513358279768,6.4064758107853095,0.780160062479957,2.012377522590892
8860884219fffff,18.54975249094935,73.77763573812351,0.8138551635488029,6.772620030069072,0.5743007014967676,2.127389335430768
886088421bfffff,18.54935811219387,73.76945135126383,0.6680931207460308,4.107395225293765,0.8125419702169288,1.2901991784411528
886088421dfffff,18.5571319790527,73.78175850166272,0.818724590651261,13.591055056755179,0.5787177298440862,4.269169901252898
8860884221fffff,18.58665051484204,73.79825394951784,0.9723087759330679,4.893072494570383,0.8857124211796991,1.5369930981249063
8860884223fffff,18.58625500068619,73.79006621400148,0.9148403177826087,1.150744874860961,0.7052116313302098,0.36146755077234927
8860884225fffff,18.59403029283098,73.8023789100437,0.9739744513057873,20.317200958853938,0.8890309039489213,6.381960962488667
8860884227fffff,18.593634552098152,73.7941905047617,0.9941004452846908,17.853518263643508,0.9451672117503259,5.608078437202136
886088422bfffff,18.57927079410924,73.79412942844431,0.9242543540138335,1.9765647512153546,0.7182583691581608,0.6208709116789223
886088422dfffff,18.58704571840612,73.80644261229656,0.8585708064591047,5.68192705507608,0.7520425977191673,1.784785056299862
8860884231fffff,18.578479908988584,73.77775622440237,0.8966367463133929,8.210221859542283,0.8096135573823312,2.5789632886480844
8860884233fffff,18.578084001112913,73.76957101378139,0.9506589939971685,5.808087232880591,0.8735948537161444,1.8244140057501135
8860884235fffff,18.58585917607103,73.78187940592431,0.9210592240453334,18.276037802726062,0.7137241442695742,5.740798648503608
8860884237fffff,18.585463041128982,73.77369352546302,0.8871450163505757,0.8173001303296338,0.8001207699480034,0.2567271710785327
8860884239fffff,18.571496070494494,73.78181895077631,0.9418760236941017,18.912275135967604,0.7666786856114575,5.9406510706875775
886088423bfffff,18.571100699858185,73.77363348228234,0.8734752781562996,8.08287151900279,0.7898562012618935,2.5389604898605627
886088423dfffff,18.57887550669817,73.78594236268219,0.9717869047292162,9.546046489038163,0.8076396642787271,2.9985673795579815
8860884241fffff,18.551326906770583,73.81038255857457,0.99688440505747,16.058858136106505,0.8881580032608528,5.044346705746045
8860884243fffff,18.550933767959727,73.80219446286334,0.999756822952593,16.42218800159997,0.9499008162778338,5.1584744846060095
8860884245fffff,18.558707302927598,73.81450800051638,0.9190246815850539,13.650326887415133,0.688031865732958,4.287788140557276
8860884247fffff,18.558313937344508,73.80631923526936,0.9957861414982478,24.69261097657429,0.8770017816639619,7.756347915914178
8860884249fffff,18.544339170716974,73.8144459089939,0.9428351093373106,5.8102661082131135,0.7204290516333756,1.825098425682881
886088424bfffff,18.54394656900169,73.8062575559931,0.9965312306926063,8.494227522720681,0.8843116915049418,2.6681740544027237
8860884251fffff,18.543160435236086,73.78988363061062,0.987288331442413,18.239883596154822,0.7716781884218956,5.729442028296194
8860884253fffff,18.54276690344995,73.78169805858266,0.9557217025778157,16.06147529921311,0.6728769233775507,5.045168798947398
8860884255fffff,18.550540318964455,73.79400729409986,0.9968857750423185,21.67337895893164,0.8881734914048447,6.807958375823801
8860884257fffff,18.55014655991696,73.78582105246102,0.9533220463871814,2.277004660883623,0.6678644151384954,0.7152439396840884
8860884259fffff,18.536173605217993,73.79394623607098,0.9533136371021291,8.060321466906375,0.6678471756177486,2.531877154293185
886088425bfffff,18.535780610591566,73.78576040643159,0.9486528182286222,5.450961287204558,0.6586142208721741,1.7122349783037634
886088425dfffff,18.543553657130687,73.79807012980636,0.9557121653807692,4.719488598941871,0.6728566232815061,1.4824675929698712
8860884261fffff,18.57307445033905,73.8145700982383,0.9761373088669495,15.408876318934311,0.8429558493357591,4.840176919173516
8860884265fffff,18.58045479322749,73.81869618885608,0.9956454211062258,19.568853455773095,0.933540819994845,6.146892925276754
8860884267fffff,18.580060437506294,73.81050634170829,0.918269473782101,17.73549535368013,0.783489166285417,5.571005535005076
8860884269fffff,18.566087757112086,73.81863388184597,0.9996470559535422,10.883318642286195,0.9645333574643138,3.418626161057257
886088426dfffff,18.57346826896336,73.82276020259071,0.9995880452609122,24.56236570412879,0.9625433118788209,7.715435772259192
88608842c1fffff,18.548568425847925,73.75308536068302,0.6681118407397041,2.045688249373036,0.812553437371532,0.6425837188577448
88608842c5fffff,18.555947231223765,73.7572061149686,0.6634816353727812,3.43097792436121,0.8097154904255313,1.0777255794623386
88608842c7fffff,18.55555169600078,73.74902384176283,0.518310825205603,2.739211980212282,0.7192393730008956,0.8604307237546847
88608842c9fffff,18.54158445006368,73.75714690727037,0.6549635088139015,0.15913135486818286,0.8044859552008935,0.04998572868051017
88608842cbfffff,18.5411896800327,73.74896504567745,0.4962753375729748,0.4118693890705909,0.7052826597019553,0.12937482717308513
88608842cdfffff,18.548963423782673,73.7612678920583,0.7605473678318684,1.719904452143339,0.8684430863630026,0.5402497664426512
88608842e1fffff,18.57030902870179,73.75726532857607,0.8734896810614714,3.356489048300039,0.7898697757717397,1.0543274204282869
88608842e5fffff,18.57768778320356,73.76138673099568,0.8966499439865951,3.992983728457348,0.8096270211435794,1.2542606794348854
88608842e7fffff,18.577291255392954,73.75320337622134,0.7316782931638807,1.4595315909591264,0.6780595276522114,0.4584624454856773
88608842e9fffff,18.563326095800036,73.76132730856177,0.8631686411541555,2.9104616593290618,0.7803073875773608,0.9142230138036602
88608842ebfffff,18.562930332847483,73.75314436550768,0.7062530879537099,0.5830787631592664,0.6610887270259729,0.18315445676177042
88608842edfffff,18.570705019216486,73.76544894149018,0.9345503374401075,4.233352264581666,0.855430778320638,1.3297643188024648
8860884307fffff,18.623549970135535,73.81888314721952,0.9020801348149113,19.33659449348135,0.752622676137208,6.073936634026993
8860884311fffff,18.60839382575162,73.8024404047149,0.8943011321029839,12.998345719583453,0.7473663036554294,4.0829903256512665
8860884313fffff,18.607997321426335,73.79425158717709,0.9911332420090355,12.003333020088133,0.9066378635212872,3.770440766377832
8860884315fffff,18.61577354727201,73.80656601396284,0.8559272693976917,7.429685780995664,0.7105417023467469,2.33378430000754
8860884319fffff,18.601410127715447,73.80650431004936,0.8265942917168656,9.54416446834746,0.7268355391706165,2.9979762064626825
886088431bfffff,18.601014160573488,73.79831523499035,0.993118853407928,19.53262588188043,0.9156771648119925,6.135513259208731
8860884323fffff,18.637913046279934,73.81894547912145,0.8733132986264225,8.48456393077635,0.725295682457304,2.665138564097192
8860884325fffff,18.645690311630432,73.83126594069546,0.9857629527413969,13.866212749033245,0.7917559774203994,4.355601376444949
8860884327fffff,18.645292989562428,73.8230728467374,0.8808541222567767,13.937190592938625,0.608880660150532,4.377896663572497
886088432dfffff,18.638706927895402,73.8353312543066,0.8649022225935645,18.40506581863253,0.5940252627837377,5.781328432219883
8860884331fffff,18.630135975372923,73.80662772403792,0.9982030805792727,15.468637648508361,0.9513589966055079,4.858948917992664
8860884333fffff,18.62973848155638,73.79843782429386,0.9883652305349759,10.819016417453087,0.8960039619465359,3.3984277936976417
8860884335fffff,18.63751563802597,73.81075398214381,0.9854786755826078,5.373544715653788,0.886192364061436,1.6879171828314778
8860884337fffff,18.637117918318275,73.80256341247942,0.9874289113656343,12.933042923926832,0.8926772782856589,4.062477662835855
8860884339fffff,18.623153324773988,73.8106920627616,0.9874255108662003,2.8768786755399276,0.8926654692125624,0.9036740561996974
886088433bfffff,18.6227563681482,73.80250190552651,0.9854795875500432,3.266397682045303,0.8861952717088947,1.0260282672299996
886088433dfffff,18.630533157896867,73.81481855113867,0.9883614831627379,10.766487411367939,0.8959903370404152,3.381927584494973
886088434bfffff,18.59561014691026,73.83514180158986,0.9181933781170892,0.3568520056401705,0.7834079935318193,0.11209297845670467
8860884351fffff,18.594820841906028,73.81875850208776,0.9964134433634867,14.141798061316836,0.9385371474327332,4.442167173987187
8860884353fffff,18.594425722811113,73.81056824254479,0.9422393788339297,3.8104703564541524,0.8117398196814688,1.1969302815313805
8860884355fffff,18.602201129125763,73.8228852415173,0.9025734112407947,17.509449274927974,0.7676142133786781,5.500000810818833
8860884359fffff,18.58783519322915,73.82282271893261,0.9997429346635103,16.934695286063963,0.978739736073125,5.319461300115894
886088435bfffff,18.587440611245956,73.81463220216057,0.9967724350757957,18.560099366861778,0.941093398720777,5.830026973651792
886088435dfffff,18.595215649983245,73.82694968849529,0.9956450477948153,7.838648878244929,0.9335385251956634,2.462246213980285
8860884361fffff,18.624738037307658,73.84346196215498,0.9974730166938809,20.12971175208281,0.9269299876189739,6.323067574520288
8860884365fffff,18.632118772411346,73.8475911295589,0.997178976109912,20.77652409225943,0.9239670661273663,6.526241777178566
8860884367fffff,18.63172283638546,73.83939659480667,0.9468229830208607,15.758827733705886,0.7804519799906515,4.950102310587562
8860884369fffff,18.61775253086932,73.84752735631085,0.9965347281068693,18.061017046630486,0.9181045520122599,5.673257156232805
886088436bfffff,18.6173573571521,73.839333234374,0.9231738752607027,9.192456254211576,0.7492567694890796,2.887498975994395
886088436dfffff,18.62513343628518,73.85165675372807,0.9998256641858625,18.261182031325976,0.9721763309859824,5.736132210772594
8860884a4bfffff,18.696155370601154,73.83558394625081,0.8498753092422422,1.1210449747832694,0.6299795097370233,0.35213833247749154
8860884a59fffff,18.688375893370534,73.82326050817623,0.8957333683886416,1.3498314995954277,0.6731733675544918,0.4240038750318829
8860885009fffff,18.51172289733802,73.8839203350386,0.999756655435321,14.186119195133566,0.9569048484326892,4.456089157945727
886088500bfffff,18.51133484360422,73.87572514364255,0.9999966673468293,125.7102637880204,0.9894503292279934,39.48762419115011
886088501dfffff,18.510946479068622,73.86753087732322,0.999756834891169,117.30177019208217,0.956915274834805,36.84638054783081
8860885023fffff,18.54008648723973,73.87585549010106,0.9998034542894485,40.849838189903586,0.9748643796440607,12.831593937566153
8860885029fffff,18.53348262435756,73.8881169641083,0.9998365039379425,50.796023889359006,0.9765194892620532,15.955851505729132
886088502bfffff,18.533093582302428,73.87992069079334,0.9999980499067915,81.1553786267183,0.9954388697207609,25.492215159982308
886088502dfffff,18.5408653336727,73.89224844969289,0.9998315059305947,47.40577725364474,0.9772353169773194,14.890920281878234
886088503dfffff,18.532704229093714,73.87172534260094,0.9998366283597747,84.39691246925524,0.9765261019340011,26.510433293649058
8860885061fffff,18.526876671929006,73.90037990131981,0.9998143757661914,74.68023976775986,0.9488697761058785,23.458269464989424
8860885065fffff,18.5342597744796,73.90451228539033,0.9997977471263824,33.19034654711646,0.9756298919692724,10.425623904795803
8860885067fffff,18.533871355127243,73.89631416236698,0.9997181372345006,71.31548191188034,0.9724166657471484,22.40134467855164
8860885069fffff,18.519881284287298,73.9044456665107,0.9999982303288881,93.5669607555871,0.9873557689734134,29.390893565023333
886088506bfffff,18.51949362702815,73.89624795664297,0.9998459139921406,32.57646042434842,0.9516503053019792,10.23279235881398
8860885085fffff,18.52337173176,73.82663612253037,0.9994155258781392,4.8402677698117555,0.9722163261665124,1.52040628123379
886088508bfffff,18.508609772394976,73.81838471600248,0.9303357897471903,18.211948242311635,0.8052777374115392,5.720667082472624
886088508dfffff,18.516381175870368,73.83069958100006,0.9998459399403401,71.42487361519831,0.9656514561855218,22.435706379339525
8860885091fffff,18.507828389728814,73.8020100709135,0.9980258424669004,21.91455188925566,0.9541781927276752,6.883714688401205
8860885093fffff,18.50743723390594,73.79382413829532,0.9529773012021172,24.106701138009615,0.8339993399450247,7.572304172643121
8860885095fffff,18.515208885221167,73.80613421591067,0.9146185774012987,10.53559239619754,0.7885111062779623,3.3093997310650174
8860885099fffff,18.50083857319731,73.80607255510266,0.999902576065018,22.765558168066008,0.9864935875615115,7.151029505102548
886088509bfffff,18.500447954452966,73.79788636513464,0.9982539000399333,19.516549427280363,0.9564059684288024,6.130463385169457
886088509dfffff,18.508219235935748,73.8101969302082,0.9975420668303441,24.67794681416645,0.9499136888338265,7.751741665662288
88608850a1fffff,18.537742483774494,73.82669882320097,0.9995712537859182,53.411945795408926,0.9755178416756791,16.777554825942353
88608850a9fffff,18.530752800363317,73.83076248472412,0.9999938429653975,114.48707029191819,0.9956702515486936,35.962237849220585
88608850abfffff,18.530361583003348,73.8225726910124,0.9996388107769699,22.76453704216439,0.9771730942436295,7.150708752964736
88608850b7fffff,18.536566289981533,73.80213299274456,0.8160034822488408,5.643552052371369,0.5068777965331025,1.7727308481590438
88608850c5fffff,18.50977952196849,73.84295363060988,0.9998138442026717,16.332110485003405,0.9634189362874975,5.130179681809039
88608850cbfffff,18.495016439745662,73.83469996590108,0.8952500106225669,9.900615307273508,0.6279326618379046,3.109943171975273
88608850d1fffff,18.494237824686603,73.81832244008619,0.9931863456660519,21.292424153347387,0.8348461329862674,6.688294318622473
88608850d3fffff,18.49384805255661,73.81013506643816,0.9980250217367401,15.891934053650687,0.9541704593773248,4.9919131554706055
88608850d5fffff,18.50161888179321,73.8224477144903,0.877556670357976,16.425999069444917,0.6102667572958853,5.159671602568327
88608850d7fffff,18.50122888235464,73.81425967161357,0.998253030628061,18.574800464764678,0.956397156930012,5.834644825939222
88608850d9fffff,18.487246063140525,73.8223852355855,0.9993223392319399,23.184519734251204,0.9168303033352182,7.282632099652455
88608850dbfffff,18.486856828015537,73.81419760487942,0.993798679646856,21.46139064551214,0.8394043922610371,6.741369422774267
88608850ddfffff,18.494627287126843,73.82651073996628,0.9919424605707957,12.288300707397099,0.8264066856094918,3.859953719449449
88608850e1fffff,18.52415278214592,73.84301714984814,0.9999967573100281,96.8201240246473,0.9904307622756885,30.412764689386876
88608850e3fffff,18.52376241211947,73.8348261731604,0.9997675673290469,48.31866431966904,0.960226000961295,15.17767285327459
88608850e7fffff,18.531143707361245,73.83895320462753,0.9996385573124884,61.69433227593289,0.9771665554811247,19.379186187565182
88608850e9fffff,18.517161152328878,73.84708112186206,0.9998145475527502,91.78884109237019,0.9636578181332219,28.832357460553755
88608850ebfffff,18.516771319251593,73.83888988846921,0.9999982403189275,100.76445447113572,0.9922444571208603,31.651742587160477
88608850edfffff,18.524542841707408,73.85120905241578,0.9997673962744272,88.94723834244834,0.9602162422990055,27.939764142329047
8860885101fffff,18.570396739952344,73.9087787865682,0.9997225410991517,21.114542514345295,0.9364475594774241,6.632418822861324
8860885109fffff,18.563403434883273,73.91284541733958,0.9999968551203584,117.20362208623331,0.9828623771517402,36.815550642602325
886088510bfffff,18.563013803752288,73.9046455431146,0.9997676755333452,43.47544356359105,0.9396641238952214,13.656338991361155
8860885113fffff,18.56184303930128,73.88005146974996,0.9424328699878395,10.611726048953507,0.8077350014594997,3.333314541023547
8860885115fffff,18.56961609220537,73.89238047442407,0.9751190029323992,4.899912413352168,0.8600950452925024,1.539141627085187
8860885117fffff,18.56922530052338,73.88418270588164,0.9997215295886107,55.62818329755202,0.9745083461908911,17.473710819621044
8860885121fffff,18.592155040636396,73.91297952847334,0.9282389190128416,9.763630264785297,0.5745742393901885,3.0669139576964413
8860885123fffff,18.591763886814764,73.90477882746555,0.9367726363670422,10.463107305883007,0.7493162845387793,3.2866309934969506
8860885125fffff,18.599537973780887,73.91711386112436,0.9312573158615594,14.217177943885796,0.5792806037108988,4.4658452125559025
8860885127fffff,18.599146595640203,73.90891249096676,0.9759250894209229,17.80844922193664,0.6793486080035285,5.59392152329591
886088512bfffff,18.584772162393595,73.90884563542798,0.7184395679471292,1.6308892582872003,0.3939432081009995,0.5122886563759285
886088512dfffff,18.592545882012825,73.92118115424732,0.7728352914524099,2.885846654307466,0.4267049151149138,0.9064910431716118
8860885131fffff,18.583989991574168,73.89244649668125,0.9565466560518253,9.063653575844222,0.8271749933970522,2.8470399744385624
8860885133fffff,18.5835984380698,73.88424831497268,0.9996196910335331,15.581192462018684,0.9713122427866383,4.894304202779078
8860885135fffff,18.59137242068025,73.89657905140348,0.9312888411250879,17.212531237886957,0.7409937299094808,5.40673405988734
8860885137fffff,18.590980642365224,73.88838020046651,0.7571436604700641,6.117532337830647,0.5747731164755971,1.9216157110354002
886088513bfffff,18.57660761806811,73.88831438151635,0.9997648569027894,34.28542346914006,0.9760909289218218,10.769605252493763
886088513dfffff,18.584381233059528,73.90064560355943,0.7382914454324547,2.174519011049601,0.5621048302079752,0.6830515418345715
8860885141fffff,18.556798206773475,73.9251131285342,0.9995150986037993,121.07009191840343,0.9616518325516038,38.03007126389866
8860885143fffff,18.55640942441578,73.91691207423469,0.9995855526101889,59.63473508962058,0.9637973784682725,18.732233446972806
8860885147fffff,18.563792753951102,73.92104621615064,0.9997675038844532,75.40454501106647,0.9396510860222934,23.685785440101846
8860885149fffff,18.549802954429257,73.92918006692125,0.9999927745932036,136.12806125683272,0.9918206566766229,42.760022633027994
886088514bfffff,18.549414708758864,73.92097875721278,0.9999943146571404,137.63553238807424,0.9924821214660253,43.23354366238364
886088514dfffff,18.55718667696549,73.93331510710522,0.988858842197834,80.30243020363456,0.8594177576462128,25.22429028439729
8860885151fffff,18.54863728153783,73.90457891092463,0.9999956255921422,87.94023363535906,0.9963039062502058,27.623447699788496
8860885153fffff,18.5482481002511,73.89638037470405,0.9997169058599634,41.12052816624847,0.9797597841727482,12.916622031025906
8860885155fffff,18.556020330024406,73.9087119443864,0.9995380424014151,14.629306804266921,0.9752864227037099,4.595301543858325
8860885157fffff,18.555630923731414,73.9005127391689,0.9996634953020131,53.08328873141653,0.9782818768860976,16.67431833403122
8860885159fffff,18.541642934318556,73.90864510888159,0.9998313790796741,46.4714251930076,0.9772289230080929,14.597425208994755
886088515bfffff,18.54125428978498,73.90044631692717,0.9999978923285743,58.815122269586986,0.9955617918778671,18.474779822706214
886088515dfffff,18.549026151084423,73.91277837182068,0.9997167030557652,60.424795837945155,0.9797538728864783,18.9804042882227
8860885191fffff,18.55949310252925,73.83088831101485,0.9995878254870063,39.48517295175832,0.9625362569139666,12.40293054567737
8860885193fffff,18.55910035803325,73.82269769249068,0.9994535291952542,9.761165243239432,0.9586131366434457,3.0661396546165403
8860885195fffff,18.56687400943986,73.835015531308,0.9996468311622907,28.91554486398277,0.9645253826981257,9.082839654180258
8860885197fffff,18.56648103866129,73.82682424332384,0.9999912345825931,11.403344496706376,0.9903817251303006,3.5819746808221384
886088519bfffff,18.552112253310508,73.8267615301318,0.9487811916121307,27.34885176030355,0.7943385393451884,8.590716046793103
886088519dfffff,18.559885536283446,73.83907985591132,0.9760898493405439,46.613581405449025,0.8428456293461397,14.642078771275001
88608851b1fffff,18.581242572053394,73.83507866329663,0.942160714708903,4.740163979115057,0.8116365904884565,1.4889620638085024
88608851b3fffff,18.580848838120655,73.82688696277802,0.9964121321283824,17.41749070196757,0.938528097530126,5.471115137837206
88608851b7fffff,18.58822946422325,73.8310141624353,0.9967710276642507,8.74434915696113,0.941083053749914,2.746741299410003
88608851b9fffff,18.574254973681533,73.83914319103867,0.9603859315502498,4.257959186265513,0.8121753653538701,1.3374937503275732
88608851bbfffff,18.57386177678826,73.83095123358338,0.999453460469902,10.340444219672793,0.9586112987994828,3.248100536997685
88608851e1fffff,18.575824649292052,73.87192028192763,0.9997650221350154,9.092126357114388,0.9760972975081542,2.8559837348968893
88608851e5fffff,18.58320657267872,73.87605105861279,0.9997216936908067,9.686032241275697,0.9745140404321996,3.042539165233273
88608851e7fffff,18.58281439553322,73.86785472778043,0.9751735509866152,1.4739539363398344,0.8602113677328483,0.4629927371037801
88608851e9fffff,18.568834197145275,73.87598586259772,0.9996197434959612,57.37963335484898,0.9713137426443308,18.02386957013272
88608851ebfffff,18.56844278220324,73.86778994475112,0.956611780664478,5.05067894914762,0.8272732029621082,1.5864998309955005
88608851edfffff,18.576216289542725,73.88011686902547,0.9999960639408615,41.87564145962486,0.9949256407181852,13.153815312243331
8860885201fffff,18.46974122897693,73.90831103147737,0.9994956187188407,37.679941300798255,0.9669519840532759,11.835878127974356
8860885203fffff,18.469356395619112,73.900114305214,0.9656794861880418,58.4411840307891,0.8375760163454318,18.357319782456432
8860885205fffff,18.47712499125803,73.91244324466578,0.9994139804037484,50.1485867986272,0.9650336529807586,15.75248105883118
8860885207fffff,18.476739932013835,73.90424584978986,0.970446307397387,78.67465010922304,0.8472238763712485,24.71297826661054
8860885209fffff,18.462741823106246,73.9123762393157,0.999968008328277,50.97783692734388,0.9883287416046322,16.01296191740645
886088520bfffff,18.462357526396765,73.90417925751896,0.9991664311104856,32.7969099260571,0.9600613090935649,10.302039107761045
886088520dfffff,18.47012575157934,73.91650868183144,0.9999857989723109,48.559617749998516,0.9913700735531237,15.253360217358583
8860885211fffff,18.461588001326543,73.88778806651062,0.9996020918555305,85.53881316140733,0.9763339697390122,26.869122743790943
8860885213fffff,18.461202773228358,73.87959385765701,0.9999929757494564,110.71925383971444,0.9954659466890142,34.77870584791369
8860885219fffff,18.45458950279708,73.89185253369345,0.9418971877985232,99.64415379097281,0.778667701239857,31.299838049644276
8860885229fffff,18.484508812878698,73.91657589711126,0.918939406696669,10.17674116619296,0.7150247997579979,3.196678763946156
8860885231fffff,18.483352025282482,73.89198447933548,0.9999949632169157,83.97346044284785,0.9961162868371551,26.377420173018336
8860885233fffff,18.482965807874688,73.88378918891605,0.9996879258180577,48.80796063798856,0.9790132662189822,15.331368729440237
8860885237fffff,18.490348785303297,73.88791960584324,0.9996287441155577,19.47786968741945,0.9774691122611184,6.118313454166092
8860885239fffff,18.476354561984422,73.89604937913928,0.9996285241526148,9.220086948144862,0.9774636554374498,2.8961782232197297
886088523dfffff,18.483737932006722,73.9001806942939,0.9996877044203424,95.71877545883542,0.9790071802381173,30.066813317082254
8860885241fffff,18.456125164001165,73.9246396343363,0.9929614336059366,9.426916644458498,0.8331725229018079,2.9611467713199433
8860885243fffff,18.45574171461217,73.91644147326421,0.9708950387279789,16.109618043553844,0.7418438758368858,5.060291212494022
8860885245fffff,18.4635094842175,73.92877297459789,0.9656326594922835,1.4739539363398344,0.7283042314054895,0.4629927371037801
8860885247fffff,18.46312580909023,73.92057414506853,0.9991659642921339,18.793870406634877,0.9600528707666898,5.903458232859873
8860885249fffff,18.4491238165228,73.92870514959415,0.969097133200395,5.028107371901011,0.737040326312444,1.5794097340307964
886088524bfffff,18.44874090370527,73.92050673328221,0.9656343413377696,8.483644629634087,0.7283083210143582,2.6648497967608558
886088524dfffff,18.45650830256348,73.93283871905022,0.9708879466348224,16.79008951923038,0.7418245292402916,5.2740382932385375
8860885251fffff,18.44797414620505,73.90411267189775,0.9446382350098378,15.51198063903472,0.6465175018906886,4.872563651345793
8860885253fffff,18.44759030178462,73.89591702718394,0.9987744737528703,25.482899619930308,0.9426705025591714,8.004590342674167
8860885255fffff,18.45535795452768,73.90824423601349,0.9987785464583772,12.11513313094079,0.9538674182820511,3.8055589868703374
8860885257fffff,18.454973883878907,73.9000479227635,0.9468247957922412,40.97379134218815,0.8083965969528248,12.870529624655115
8860885259fffff,18.44097370628202,73.9081774472196,0.9838289050381404,7.742775986139676,0.7517153704803406,2.4321309901354384
886088525bfffff,18.440590398499644,73.8999815469414,0.9991521476832855,3.7106748017524716,0.9496074035289743,1.1655828860104203
886088525dfffff,18.44835768022231,73.91230924065692,0.9395178482591844,15.90306791303859,0.637426981019229,4.995410480526322
8860885261fffff,18.477894176865146,73.92884080637617,0.9991864340551249,21.39489044428718,0.9421588018870567,6.720480635530649
8860885263fffff,18.477509739585596,73.92064156358772,0.9930141198394642,17.497602805103732,0.8781391828672583,5.496279643315754
8860885265fffff,18.485278449439015,73.93297479593355,0.991014561966833,23.43989322783509,0.8670313418571574,7.362849038501823
8860885267fffff,18.484893786763525,73.92477488461158,0.9923559731717284,3.197072882103598,0.8742769461378359,1.0042522279096084
8860885269fffff,18.470893863992725,73.93290675409393,0.9923536167481393,12.454983991870757,0.8742635160217287,3.912311631189585
886088526bfffff,18.470509963295047,73.92470725609684,0.9994953094683192,10.911597015362778,0.9669443644799036,3.42750885476211
886088526dfffff,18.478278302965315,73.93704097285143,0.9930115417832867,11.803099919906145,0.8781235995325891,3.707544315663609
8860885281fffff,18.467040876964766,73.85095336356106,0.9413647656390163,45.60618050384077,0.7506827270464382,14.325637877637137
8860885283fffff,18.466653871997238,73.8427631109398,0.9980366029951793,6.9796536155972095,0.9195524522492471,2.1924219284262536
8860885285fffff,18.474423054658118,73.85508089552917,0.9996755587978963,40.93114754455688,0.9779659464512376,12.857134519082935
886088528bfffff,18.459658760145572,73.84682627074758,0.9986104313625594,24.376471180473057,0.9283000789020026,7.657043300012944
886088528dfffff,18.46742757209647,73.85914454152348,0.9999960112705178,116.41610451584314,0.9963008379961795,36.56817865461627
8860885291fffff,18.458884895028763,73.8304480288905,0.9986111331521972,19.77682900659299,0.9283121396925753,6.212221404783978
8860885293fffff,18.45849749828622,73.82226029648366,0.9204925029252929,17.552511083311835,0.667924765616247,5.513527220319656
8860885295fffff,18.466266557325284,73.83457378383756,0.9984260690852789,12.062374598726407,0.925262874118936,3.78898667980342
8860885297fffff,18.465878933080315,73.826385382432,0.9159603490566163,17.696035421162097,0.6498927264355057,5.558610532887289
8860885299fffff,18.451890154123138,73.83451070225185,0.9626501231457452,18.319249419981187,0.7185945911533776,5.754372115390444
886088529bfffff,18.451503294301894,73.82632271304868,0.9978533286835198,22.28944803329355,0.8846018554674829,7.001475622157914
886088529dfffff,18.459271982359013,73.83863668703765,0.9999260218663004,19.809356692972713,0.9730015643367445,6.22243887642763
88608852a1fffff,18.4887999057179,73.85514501761712,0.999997196470008,98.30430907111388,0.9908986035177385,30.87897118342322
88608852a3fffff,18.488411910025107,73.84695368358334,0.9997889979344572,19.032519171032654,0.9615806201319153,5.9784216641522665
88608852a7fffff,18.495793814992457,73.85108119522447,0.9997466897217782,31.616563249353565,0.9591678610655655,9.931273152933866
88608852adfffff,18.489187591223658,73.86333727703828,0.9997888409393723,108.24476168373606,0.9615710952007994,34.0014278964173
88608852b1fffff,18.48064198643636,73.8346368717203,0.9223607481625505,3.057541498604947,0.6596220876500072,0.9604231667936692
88608852b3fffff,18.480253597925454,73.82644805807088,0.9931841751611836,14.353139109528442,0.8348304979580328,4.508552810580999
88608852b7fffff,18.487634988604853,73.83057379238981,0.9937963127437782,4.374536876528276,0.8393861764045577,1.3741126856750538
88608852b9fffff,18.4736482808307,73.83869997791717,0.9278545915625899,1.2820658004999572,0.7328593926704164,0.40271757446819345
88608852c1fffff,18.453434498265583,73.86727191335177,0.9999986034879833,29.965087463903053,0.9963660233076236,9.412517935884765
88608852c3fffff,18.453048876763923,73.85908022278937,0.999874050751521,6.498095195359831,0.980356884629383,2.041156651022312
88608852c5fffff,18.46081723492986,73.8714005734755,0.9996567311237019,86.56287526638278,0.9762517859365593,27.190797190500057
88608852c7fffff,18.460431386562327,73.86320821414455,0.9998474896436044,78.03341234921766,0.9788962683335896,24.5115551296186
88608852c9fffff,18.446436907416295,73.8713356391045,0.9998473911099031,21.042354791019378,0.9788911588272985,6.609743493067129
88608852cbfffff,18.446051822695097,73.86314369236096,0.9997860595198909,13.179091177305624,0.9760417384920888,4.139765393125675
88608852cdfffff,18.45381980985918,73.87546452880888,0.9998739531532265,82.8573231061622,0.9803511807050183,26.02682340893013
88608852d1fffff,18.445280724142275,73.84676257386843,0.9646972223288429,15.072205296868907,0.7234281037372037,4.734423113598923
88608852d3fffff,18.444894710573077,73.83857340247546,0.9906001293332977,11.953716916097225,0.81585106362769,3.754855546768988
88608852d5fffff,18.452662945485432,73.85088945729994,0.9604951399637983,24.03602694473579,0.7814058774962589,7.55010426708318
88608852d7fffff,18.452276704561413,73.84269961706147,0.9984254060355883,18.513727462879743,0.9252523909450997,5.815460809662521
88608852d9fffff,18.438284041311515,73.8508255574179,0.8401244162374945,10.248346729258133,0.5600214985044347,3.2191712278000324
88608852dbfffff,18.437898564588483,73.84263612952077,0.9626430293955622,4.807769309478567,0.7185781646394555,1.510197989963382
88608852ebfffff,18.467813957260937,73.86733664464899,0.9997285617315567,99.85090111483612,0.9795040704449537,31.36478072322745
8860885301fffff,18.521428798424157,73.93724574914053,0.9999969316767822,54.04784400339688,0.9949328762007954,16.977300723406987
8860885303fffff,18.521042387388373,73.92904434236843,0.9997814745989866,82.0865708212132,0.9749456033736765,25.784717667875782
8860885305fffff,18.52881296849083,73.94138103769572,0.9994880184632333,78.89935656090321,0.9678974488859681,24.78356219229728
8860885307fffff,18.528426332744896,73.93317896223773,0.9535061011631774,46.152295721913084,0.8222926073281668,14.497181487892153
8860885309fffff,18.51443055996164,73.94131256192269,0.999739050558035,83.27410954713788,0.9732234703053919,26.157742761521476
886088530bfffff,18.514044685527885,73.93311090000441,0.9996400457174129,37.72329516550816,0.9697940188473692,11.849496277084166
886088530dfffff,18.5218148975748,73.94544807968927,0.9405146042983494,20.24156798231911,0.7538354866466257,6.358203423017575
8860885311fffff,18.513272001621193,73.91671034781277,0.9999966769111306,41.85640578667955,0.9917295564831008,13.147773076697561
8860885313fffff,18.512885192411595,73.90851145789894,0.9997703632767209,45.95661601176684,0.9646142877392624,14.43571533052956
8860885317fffff,18.520268630188223,73.91264430087382,0.9998249712810098,68.24198460946938,0.9535114156860759,21.435909536081734
8860885319fffff,18.506274669052814,73.92077642082893,0.9997940410160613,60.22922298487628,0.9732735275699228,18.918971696393946
886088531bfffff,18.505888396511516,73.91257727544382,0.9996227256159378,53.745003826209526,0.9580409789561308,16.88217373260757
886088531dfffff,18.513658499370514,73.92491016190783,0.9997701962462229,103.77263516865162,0.9646054566511665,32.59666072911015
8860885321fffff,18.543194394027296,73.94144952031041,0.9998687487832147,70.9997177893725,0.9658543425369511,22.302158067793563
8860885323fffff,18.542806997127734,73.933247031271,0.9791915770602514,88.88538634302648,0.8327666085017557,27.920335430344476
8860885325fffff,18.550578509229886,73.94558545856772,0.9997982352052357,68.41785837079973,0.9653475917085937,21.491154325037133
8860885327fffff,18.55019088796356,73.93738230076623,0.9702231577728487,111.29834448762973,0.7911231484548509,34.960607573265634
8860885329fffff,18.536197195366235,73.945516765697,0.9999934014475642,64.5353348858692,0.9938478852857789,20.27159099212763
886088532bfffff,18.535810335078406,73.93731402154273,0.9996753432492105,58.89564637811022,0.9729959961293679,18.500073745731104
886088532dfffff,18.543581478688623,73.94965293317127,0.7197726181180024,21.26861781831803,0.65051394852131,6.680816364295744
8860885335fffff,18.54241928812183,73.92504546623313,0.9995853070480223,59.92788569754133,0.963789518886751,18.824316787570208
8860885341fffff,18.507816643597,73.95358224103488,0.886898272341136,11.630413807487326,0.7250328041586112,3.6533008187147553
8860885345fffff,18.51520137313177,73.95771865650377,0.9237167673464478,4.2459539100181685,0.7321908272419393,1.3337226991621292
8860885349fffff,18.500816460955484,73.95764936030552,0.9847033541317229,14.705401431438867,0.8767432942997255,4.619204095250614
886088534bfffff,18.50043197145122,73.94944626496212,0.892302406042238,18.642001939034735,0.6548046699738561,5.855753894372505
886088534dfffff,18.508201357669833,73.96178600485256,0.9835494009087683,13.790282714511687,0.8730951432378233,4.331750526262467
8860885351fffff,18.49966205718843,73.93304284457001,0.9997529664347157,23.066586005612944,0.9714254707212612,7.245587210749974
8860885353fffff,18.499276632692983,73.92484251988158,0.9996571498721355,0.2505217252071561,0.9677657607746343,0.0786929200417561
8860885355fffff,18.5070462797123,73.93717748355857,0.9997938871253981,65.05279833853187,0.9732661868591364,20.43413462011535
8860885357fffff,18.506660630163616,73.92897649026042,0.999997350135462,108.59902412100789,0.9946070596206552,34.112707449625624
8860885359fffff,18.492662780655042,73.9371092247959,0.9346012137660675,7.960079043430411,0.7049852124345288,2.500389390072884
886088535bfffff,18.492277892751655,73.92890864493002,0.8742497632164296,13.517897714348626,0.6681853394980704,4.246189998445244
8860885361fffff,18.529585303710725,73.957787959626,0.999983774703066,61.64743552220239,0.9847397697183697,19.36445515979312
8860885363fffff,18.52919929219005,73.94958403688526,0.9994011084069853,75.37676168301502,0.9481724575998058,23.677058248034815
8860885365fffff,18.536969979184853,73.96192502488418,0.999087133140812,0.9799824826704336,0.9402157759454696,0.3078283254170374
8860885367fffff,18.536583743445643,73.95372043353761,0.9993050144722596,21.030200501110773,0.9454922349764806,6.6059256343039765
8860885369fffff,18.522586159693784,73.9618555113957,0.999304654425782,19.240311521956148,0.9454826685697163,6.043692597613185
886088536bfffff,18.52220068470856,73.95365133383442,0.9990872443943007,13.787789388698336,0.9402182447819145,4.330967332355009
886088536dfffff,18.529971002921172,73.96599280573753,0.9994007379763402,5.979078931422445,0.9481615980317324,1.8781252599338838
8860885501fffff,18.513248873698675,73.76521047578144,0.8945776998933512,2.425495058523717,0.8091424907071697,0.7618871718380984
8860885503fffff,18.51285594351498,73.75702850959817,0.8149140656851139,0.12168868313449276,0.7346361283249739,0.03822438075568424
8860885505fffff,18.520628290998356,73.76933171262999,0.802097358757749,5.428264917693916,0.7240257645056912,1.7051056820734174
8860885507fffff,18.52023513272329,73.76114907683902,0.8104102237981118,1.7336595343493695,0.7308738980964304,0.5445704599206794
8860885509fffff,18.506261910059912,73.76927190226726,0.8103948277865723,2.392153204844764,0.7308611011518229,0.7514139570962144
886088550bfffff,18.505869517091515,73.76108967812145,0.8021012229256599,2.0520354503001506,0.724028919794802,0.6445774771820311
886088550dfffff,18.513641494765157,73.7733933694806,0.8148960662210074,5.654677283581562,0.7346210176568972,1.7762254629647891
886088551dfffff,18.50547681516632,73.75290838153428,0.6200633599187397,0.49122072967348257,0.5956742760556167,0.1543003648529252
8860885523fffff,18.5345997688555,73.76120848148433,0.4844825313721923,0.5522794080719285,0.6977920080864823,0.1734798818911823
8860885525fffff,18.54237306190445,73.77351341389907,0.5182261002762936,0.6871565172732408,0.7191858122108159,0.2158469602795555
8860885527fffff,18.54197891073164,73.76532969673623,0.6634657605149653,0.5684496220433842,0.8097057546940323,0.17855920726330976
886088552bfffff,18.52761438243112,73.7652700832844,0.6045389232884617,0.3650660494034783,0.5860807719214638,0.11467314226705275
886088552dfffff,18.535387306234288,73.77757550400307,0.7819270625801611,0.9486358856719002,0.4821352057225439,0.2979818530236871
8860885539fffff,18.51984166530251,73.75296736869721,0.648134674155431,0.1404100190013378,0.6134441818615705,0.0441050547180972
8860885547fffff,18.50665399393968,73.7774550537957,0.6480280304200514,3.533127944474191,0.613375584362736,1.1098125505957506
8860885549fffff,18.49267687934498,73.78557850465708,0.9039339730920368,2.855011175819821,0.743993138302738,0.8968051213575614
8860885555fffff,18.498882386240254,73.76515087422648,0.6044943776832248,0.6950234329928193,0.5860534713934185,0.2183180855649339
8860885563fffff,18.52102113999573,73.7775152758941,0.6199842291088884,5.985081606799525,0.5956249687210552,1.8800107972185027
8860885565fffff,18.52879361258209,73.7898227816297,0.7618282447225756,1.3347736358194917,0.4688117053912043,0.4192739568216377
8860885701fffff,18.46432534299886,73.79364103732348,0.9866393836274507,6.510511723493734,0.8899978924978539,2.045056883047417
8860885703fffff,18.46393617286033,73.78545726705983,0.9884621985493526,16.650925062284085,0.896374989003748,5.230324489678892
8860885705fffff,18.47170592822215,73.79776388591898,0.8551249487554659,11.47623846106397,0.6985457985595313,3.604871852330818
8860885707fffff,18.471316529945504,73.78957944642856,0.8546460752641137,6.824569557462645,0.7092995526844221,2.1437075210173036
8860885709fffff,18.457333452898464,73.797702655478,0.9893827739766415,15.762937163262935,0.8998244265771936,4.951393148782464
886088570bfffff,18.456944819820443,73.78951862780437,0.9984757417023901,21.51312646727519,0.9545473188305504,6.757620479970714
886088570dfffff,18.464714204221604,73.80182573416936,0.8734296493722689,2.1701674996795344,0.7252241737595282,0.6816846618323589
8860885715fffff,18.46354669393743,73.77727442355489,0.902707900098031,16.708904550546997,0.7531343729181709,5.248536783363851
8860885719fffff,18.449175645685933,73.77721422548976,0.8735205562036409,0.729219315873392,0.7253045416698226,0.22905956467239655
886088571dfffff,18.45655587798704,73.78133552675605,0.9893863302333057,6.161876788878179,0.8998380892014883,1.9355450193127302
8860885721fffff,18.486077429310043,73.79782512247087,0.9986296426732001,16.208330439143477,0.9527836147880656,5.091298370243881
8860885723fffff,18.485687265992773,73.7896402711223,0.9900276077304104,14.17485833753853,0.896020520762166,4.452551940702014
8860885725fffff,18.493457970868583,73.80194861919936,0.9873821205055846,6.725488511145894,0.8858190931408952,2.1125845641200116
8860885727fffff,18.49306757975412,73.79376309854673,0.9891452594012629,6.68263939557111,0.8924542685182287,2.0991249648657027
8860885729fffff,18.479086575129852,73.8018871736183,0.9891421573458594,19.07564085080292,0.892442044714255,5.991966880222535
886088572bfffff,18.478696948882202,73.79370206488976,0.9873829911382951,11.826143298567896,0.8858222269431089,3.714782613072832
886088572dfffff,18.4864672833615,73.80601090044888,0.9900241919127876,15.942529601767667,0.8960063556950015,5.007806034298364
886088573dfffff,18.478307013529303,73.78551788283382,0.8742579933305117,1.9859589879105142,0.715059697861345,0.6238217931503565
8860885741fffff,18.450728647035767,73.8099495121714,0.9566157674277096,21.31233271844676,0.721867629062672,6.694547920461657
8860885743fffff,18.45034085985349,73.80176430085162,0.9026063682431521,11.735626470560495,0.7530295157314416,3.686349815466438
8860885745fffff,18.458109792262746,73.81407348999456,0.8722704124031392,21.03472437273668,0.6035391912618662,6.6073466554463245
8860885749fffff,18.443734814269213,73.81401144184196,0.9984831951473299,20.277491876208078,0.8957540538693697,6.369487698291727
886088574dfffff,18.45111612522899,73.81813564962944,0.9982794609936563,17.32295011620417,0.8918375723683704,5.441418412932297
8860885751fffff,18.442572137327254,73.78945781524881,0.8545900212009235,11.326567094690907,0.709253915007957,3.557857658824062
8860885755fffff,18.449952763813535,73.79358001584698,0.9884589777051087,3.5833802160213897,0.8963632123353682,1.1255976007087112
8860885757fffff,18.449564359047244,73.7853966573342,0.986640291711703,2.759363707604831,0.8900009365811639,0.866760706797448
8860885761fffff,18.472483797415013,73.81413554434008,0.9989158407674863,9.309090627200707,0.9038327210266607,2.924135716301705
8860885763fffff,18.472095017422486,73.80594925194842,0.9917350292617313,7.411317340547222,0.824192719264726,2.32801447619563
8860885765fffff,18.479864899783042,73.81826017038588,0.9894890534329611,12.579896946742249,0.8111812281922501,3.951548807772787
8860885767fffff,18.479475892140634,73.81007320884264,0.990985872400529,13.469764655251062,0.8196031229283939,4.2310706271899265
8860885769fffff,18.465490999393776,73.81819790690061,0.9909832388356625,12.00483583829515,0.8195874705531914,3.77091282584854
886088576bfffff,18.46510275639704,73.81001135742069,0.9894897964699142,3.910508004561006,0.8111851927984375,1.2283537225009347
886088576dfffff,18.472872268068205,73.82232276291693,0.9917321338555322,17.19404993044834,0.8241744287016177,5.400928782730911
8860885887fffff,18.67521152645632,73.84778248752845,0.8956343009354115,12.68168962061411,0.6730676557511949,3.9835235306803964
886088588bfffff,18.66084827190721,73.84771869516673,0.8807740267234413,5.345041601378761,0.6088026721543385,1.678963894286419
8860885891fffff,18.660053039382447,73.83132890097833,0.9876428951791123,2.1717810229403285,0.8003241111529629,0.6821914955484456
8860885893fffff,18.659654954947975,73.82313539430258,0.907515920597826,0.8859151526498376,0.6371971831047416,0.2782802577844551
8860885895fffff,18.667433145198256,73.83545758765815,0.8498212258895071,8.330926402255628,0.6299341216298913,2.6168785350027215
8860885899fffff,18.653070534683792,73.8353944178277,0.9981663026467636,6.942682552939042,0.8866300898135171,2.1808087205289652
886088589bfffff,18.652672987383546,73.8272006540139,0.9885382889259712,3.6685705022446187,0.8047307672086212,1.1523572455121927
886088589dfffff,18.660450811746543,73.83952333465906,0.9857620831185925,2.55707328151203,0.7917522037319362,0.8032180167869496
88608858a3fffff,18.68957378193759,73.8478462862633,0.8667444823437287,2.216063631773968,0.64469809025126,0.6961013781875837
88608858b1fffff,18.681794757737553,73.83552076379888,0.997603456917192,14.58279846502816,0.9095648513767507,4.580692523351363
88608858b3fffff,18.68139568621672,73.82732617437607,0.9860168271657507,16.50305045342405,0.8351113261697298,5.183874686726248
88608858b5fffff,18.689174798287244,73.83965009983382,0.9827697659744005,0.7212795595791397,0.822959750044774,0.22656555898607142
88608858b7fffff,18.6887755020538,73.83145484041212,0.9849734847084416,4.387122497283509,0.8310207875846657,1.3780660324235185
88608858b9fffff,18.67481330447003,73.83958671408067,0.9849696416993758,5.934571790801907,0.8310060723839132,1.8641448482340874
88608858bbfffff,18.6744147700905,73.83139186755027,0.9827707720984393,9.273315622523176,0.8229632704862102,2.9128982095335623
88608858bdfffff,18.6821935168368,73.84371628027327,0.9860125804037297,11.89317425382096,0.8350942749309315,3.7358381187288394
88608858d1fffff,18.64648401999154,73.8476549091772,0.9074246556115495,14.278250473390534,0.6370910015577933,4.485029080450354
88608858d3fffff,18.64608732181776,73.83945996156804,0.9876396153764614,9.901828515843368,0.8003083891486235,3.11032426038149
88608858d7fffff,18.653467769942015,73.84358910851229,0.9885346716660097,13.368740491805289,0.8047124858812084,4.199337305819296
88608858d9fffff,18.639499562102078,73.85172073661307,0.9077140050747107,9.923854193378666,0.7320935619038752,3.1172428814300934
8860885a11fffff,18.61391217705579,73.9171811368629,0.8633799488807494,3.9459841664521247,0.7718215728077318,1.2394973579232829
8860885a13fffff,18.613520037984884,73.90897935318554,0.9326186556922145,6.81105710435905,0.8466484968058997,2.139463041259032
8860885a15fffff,18.621295048922867,73.92131611931197,0.6633578488772719,2.53380757986073,0.6211482596602931,0.7959098841359902
8860885a17fffff,18.620902685877034,73.91311366640836,0.8515721492920962,2.973160637309089,0.7609355803644358,0.9339177754328253
8860885a19fffff,18.60692096146553,73.92124863340813,0.6943709502798919,3.563795045886846,0.6411847829625038,1.1194455824511034
8860885a1bfffff,18.60652935917437,73.91304659409019,0.8593791040514346,13.999109891489132,0.7680885392794022,4.397346515300316
8860885a81fffff,18.619330106747913,73.88031310605265,0.9291305820308778,4.5789219668542165,0.8258194847620308,1.4383133435519178
8860885a83fffff,18.618936180892025,73.87211527967494,0.9344743345065656,21.073168760268562,0.8325442238637301,6.6194226584819855
8860885a87fffff,18.62631776112042,73.87624668573673,0.7516893569097876,3.45030120139116,0.6730518226929431,1.083795332865981
8860885a8bfffff,18.611948356372153,73.87618147018132,0.9773839581491643,9.3541134944672,0.9018534181364166,2.9382781260704514
8860885a93fffff,18.61076631727777,73.85159277723363,0.9076639552357346,1.2877702812232237,0.7320411038201924,0.4045094439959342
8860885a95fffff,18.618541942871893,73.86391837913968,0.9467464821278117,6.407036509584755,0.7803379785878285,2.0125536471395944
8860885a97fffff,18.618147392820113,73.85572240462548,0.9971778854474642,10.661240913700448,0.9239564523658355,3.3488679597507556
8860885a99fffff,18.604173184703416,73.86385378644243,0.7684705305216258,2.8993586813994683,0.6843419984923053,0.9107353891127621
8860885a9dfffff,18.611554655299308,73.86798431325259,0.9371697141394918,0.9728011244108162,0.8360398312041053,0.3055725448022106
8860885ab1fffff,18.63290970846109,73.8639829782894,0.9230985077335897,0.44866909348458794,0.749167970889401,0.14093420867828726
8860885ab3fffff,18.632514396480783,73.85578659077923,0.996534417919391,5.153854755972231,0.9181019049027984,1.6189090183024262
8860885abbfffff,18.625528523334914,73.859852471635,0.9974718537775334,18.681401183737805,0.9269178464903699,5.868129833467449
8860885ac1fffff,18.605745216815947,73.89664529020267,0.936782572381595,1.1816572817688296,0.7493317542877725,0.37117763704565604
8860885ac3fffff,18.605352677013578,73.88844602599205,0.7986393526117133,0.015515304593050892,0.705716365249299,0.00487360775898716
8860885ac5fffff,18.613127586248545,73.9007784944993,0.8633965221505916,0.605703276204194,0.7718371354781902,0.19026118171568787
8860885ac9fffff,18.59875490502501,73.9007120457102,0.9796734660767055,16.19983652723738,0.8394533440009124,5.088630295329758
8860885acbfffff,18.59836290206772,73.89251252553413,0.9395487203231652,2.6055007870722546,0.7536972859061419,0.818429878431768
8860885acdfffff,18.60613744424703,73.9048454796285,0.9282497705085778,4.336984015341931,0.5745908941625969,1.3623167254634887
8860885ad1fffff,18.59757795965641,73.87611626114033,0.751637995403376,2.3293587674739906,0.6730178604354339,0.73168921013066
8860885ad5fffff,18.60495982497239,73.88024768717584,0.9344646670748005,0.24083106616266256,0.832531816445294,0.07564892752290502
8860885ad7fffff,18.604566660824847,73.87205027393304,0.9291330061783208,1.8865681587136902,0.8258224770335667,0.5926015284471574
8860885ad9fffff,18.590588552002007,73.88018227483379,0.9424802901831503,2.5699956100241077,0.8077950390341784,0.807277128879976
8860885ae9fffff,18.62051001000407,73.90491213845112,0.8593934384812886,0.38788261482627223,0.7681018305565432,0.12184019397467898
8860885aedfffff,18.627892487721084,73.90904622208528,0.6468540678815449,0.4344285286054251,0.6108156426251354,0.1364610172516405
886088c8a7fffff,18.449506418543756,73.9369044894131,0.8530204700779114,3.7912538399447695,0.5751878098363645,1.1908940633315277
886088c8b1fffff,18.434355025145294,73.9204393282278,0.7973999529469469,4.707149854149417,0.48702214239582003,1.4785917939485875
886088c8b3fffff,18.433972564320534,73.91224224868843,0.944628873134572,4.07672199813993,0.6465003446490871,1.280564222391559
886088c8b5fffff,18.441739390596247,73.92457201932902,0.8036861461551075,0.977464189362206,0.5356372633487498,0.307037288816191
886088c8b7fffff,18.441356703691262,73.91637427140859,0.9473260917830287,9.841632599380317,0.6515314612722138,3.091415750801532
886088c987fffff,18.47942881287596,73.96164701259815,0.9345155936789827,15.102267445493183,0.7048636378684281,4.743866120012908
886088c993fffff,18.46389284835675,73.93697272772417,0.8222475242354486,6.984100918717215,0.549608677415846,2.193818898164246
886088c995fffff,18.47166073180875,73.949308520564,0.89224989987366,2.0325049016896672,0.6547516811408731,0.638442616427318
886088c997fffff,18.471277453541056,73.94110717564298,0.918846109471645,6.869187307989153,0.714911173109001,2.1577226770750157
886088c9a1fffff,18.494199215931665,73.96992077842535,0.9835452605209396,17.717499073482884,0.873082334264915,5.565352612738794
886088c9a3fffff,18.49381557482598,73.96171650525372,0.9812264536308435,7.299181267453796,0.86619113170553,2.2927907245372032
886088c9a5fffff,18.50158450405221,73.97405832038491,0.9846987522362728,5.83847433842172,0.8767284239405484,1.8339590863800312
886088c9a7fffff,18.50120063853299,73.96585337883998,0.9973573377002694,7.413270096550819,0.9390490706221649,2.328627868395149
886088c9abfffff,18.486813985418955,73.96578367583871,0.8382474301007375,2.1492117864890115,0.6826062358699931,0.6751021338653487
886088c9adfffff,18.494582545009298,73.97812597447218,0.8867920869108821,9.852293261318179,0.7249292985208561,3.094764436895621
886088c9b1fffff,18.486046840636188,73.94937738932295,0.9996520717016296,17.27623414844987,0.9432832507440422,5.426744172955215
886088c9b3fffff,18.485662800773696,73.94117563089733,0.9959795505610864,18.76590815895578,0.8774272820395482,5.894674839248085
886088c9b5fffff,18.493431621823692,73.95351315513795,0.9946487386931593,10.69605092966574,0.8658780263850303,3.359802347978937
886088c9b7fffff,18.493047357056213,73.94531072825858,0.9955480364620296,8.591605870247587,0.8734281516147638,2.6987621661099883
886088c9b9fffff,18.47904562110209,73.9534440761426,0.9955464749415336,17.136490060707867,0.8734141728540706,5.382848298001072
886088c9bbfffff,18.47866211775474,73.9452420628336,0.9946491858088793,10.755946264519546,0.8658815554835015,3.3786164400207643
886088c9bdfffff,18.486430568895088,73.95758007103021,0.9959778634531552,17.97366528480474,0.8774110868031426,5.645818557032772
886088cd21fffff,18.439822852339816,73.88359251883381,0.9991526054628618,8.180775216415565,0.9496169299343995,2.569713622451858
886088cd25fffff,18.447206147092256,73.88772230669457,0.9990317141386696,8.971929128574198,0.9472090199646955,2.8182278441176263
886088cd27fffff,18.44682168225909,73.87952851060852,0.9694706464565139,17.675398145519512,0.8233114062519871,5.5521280312971415
886088cd29fffff,18.43282332031181,73.88765655344409,0.9987746074878804,3.192205073503629,0.9426726926692317,1.0027231706088124
886088cd2bfffff,18.43243961890092,73.87946317008404,0.9534765807825119,1.6291069822703432,0.7952355819729235,0.5117288146936517
886088cd2dfffff,18.440206780475197,73.89178657075315,0.9999633952937526,16.51868749590177,0.9832273169925242,5.188786534320987
886088cd63fffff,18.425823086385627,73.89172061439871,0.9418610088372764,0.4130061733269574,0.7786194658510198,0.12973190946811167
886088cd65fffff,18.43358979315268,73.90404609292523,0.9395203232875291,1.3892760348372448,0.6374312400185241,0.4363940406165317
886088cd67fffff,18.433206711772765,73.89585086111744,0.9990312781363515,9.704336064169583,0.9472006998119261,3.0482886916276644
886088cd6dfffff,18.426588485954497,73.90811066509471,0.7421739789627448,0.07757652296525445,0.45027086690511653,0.0243680387949358
886088cda1fffff,18.437126683301383,73.82626004992002,0.9982787349375776,13.299501418569468,0.8918242174390494,4.177588194641787
886088cda3fffff,18.43674027899969,73.81807339857149,0.9978535493362614,6.7741695225851615,0.8846053266921485,2.127876056055788
886088cda5fffff,18.444508387650362,73.83038515655508,0.998482426715289,21.278789539245583,0.895738601984526,6.684011466121652
886088cda7fffff,18.444121755505314,73.82219783628479,0.999919645014544,21.023787324909318,0.9558751846192156,6.603911152080459
886088cdabfffff,18.429745041436885,73.82213538231936,0.9204461664508313,2.4514181257020415,0.6678681434828704,0.7700300259199714
886088cdadfffff,18.437512778541368,73.83444762696226,0.9587417576143612,1.8463212465730559,0.7098535613542827,0.5799593233194719
886088cdb5fffff,18.43635356576747,73.80988767309384,0.9355525070233776,10.524343786094745,0.6877174668230832,3.3058663609564243
886088cde7fffff,18.43051646718486,73.83851012422967,0.7901653485136968,6.2035733025529884,0.5216676216536487,1.9486425676946861
88608e2413fffff,18.567282560928245,73.99489498211261,0.7493382436121372,3.880987658641686,0.6705223433507241,1.219080905067185
88608e2433fffff,18.58905174525982,73.99910698389142,0.897925287344933,14.382680115561078,0.8639059878524589,4.51783211769002
88608e2437fffff,18.596437082186153,74.00324823449031,0.6891557190112638,7.513913263627351,0.7159190337927217,2.3602415126527623
88608e243bfffff,18.582053412230998,74.00317662210111,0.7239039982932285,9.21379421862183,0.7373243709400036,2.894201575243228
88608e2485fffff,18.58050372934277,73.97034036358002,0.9454110175853554,8.5513831161522,0.654820758407378,2.686127549414489
88608e2487fffff,18.580115525341927,73.96213360703223,0.7865437572330514,4.315253604414074,0.4883372423605812,1.3554908524251075
88608e2489fffff,18.566122107635465,73.97027041524888,0.709888847319504,0.1551530459305089,0.6441699159701826,0.0487360775898716
88608e248bfffff,18.565734663720086,73.96206407270141,0.970180601641596,4.399925385260288,0.7910304236255704,1.382087626315334
88608e248dfffff,18.57350683666533,73.97440900958657,0.9269000428288852,6.347798084609483,0.8277779220291359,1.993945901100308
88608e2491fffff,18.56495883745477,73.94565415830246,0.9997596597016399,13.333112742237525,0.9532870662712263,4.188146054259434
88608e2493fffff,18.564570455368916,73.93745058681203,0.9824713283550823,10.334118416978326,0.8228368336642723,3.246113500203874
88608e2495fffff,18.57234289538669,73.94979074639735,0.9610992842278205,6.611328909061478,0.7730323751987883,2.0767251893236773
88608e2499fffff,18.557962680324433,73.94972183634162,0.9999958836297257,16.47335789449123,0.9868015112518326,5.174547774403561
88608e249bfffff,18.557574834859807,73.94151800976773,0.9997952763172047,16.522029256130715,0.9555584168420443,5.189836235181373
88608e249dfffff,18.56534690694916,73.95385865365907,0.9996767256028077,7.46828003187154,0.9487791413679705,2.3459073775399792
88608e24a1fffff,18.594884361513156,73.97041031890247,0.9500867988227918,1.8152906373869544,0.6636284721487878,0.5702121078014977
88608e24a3fffff,18.594495397586254,73.96220314831254,0.8181254675443674,3.625046439402424,0.5114466223605202,1.1386856344201763
88608e24a5fffff,18.602268860360844,73.97454933434118,0.7688234415987791,0.5275203561637305,0.4764222880073432,0.16570266380556348
88608e24a9fffff,18.5878883437489,73.97447916845756,0.9853465100470183,5.483671329730988,0.7638550338836615,1.7225097309583133
88608e24abfffff,18.58749991638618,73.96627174314175,0.9524192672835158,6.699233445564254,0.6682431812373573,2.1043374239775803
88608e24adfffff,18.595273012068844,73.97861841299637,0.9454088792046932,0.977464189362206,0.654816855494017,0.307037288816191
88608e24c1fffff,18.55951093524629,73.98254637814132,0.6877358310656256,3.5995506655878073,0.6301151068337273,1.1306770000850213
88608e24c3fffff,18.559124340820265,73.97433885772722,0.7196798751073201,0.6050968791289849,0.6504539760977306,0.19007070260049927
88608e24c5fffff,18.566896056371558,73.98668587013559,0.9235980343275642,1.7842600282008525,0.8237253311259103,0.5604648922835234
88608e24c7fffff,18.566509238563295,73.97847768112061,0.917076451003947,6.761931365795628,0.8159578673143347,2.1240318533508096
88608e24d1fffff,18.55135281443079,73.96199454531907,0.9642731719960929,6.22457294420438,0.8798887288892561,1.9552388943007397
88608e24d3fffff,18.550965818096273,73.95378954014548,0.9116331075534688,17.438365315668296,0.8079012038241946,5.47767219114464
88608e24d5fffff,18.55873743343664,73.966132260502,0.9017747386549908,1.6911682006425475,0.7970714054146351,0.5312232457296004
88608e24d7fffff,18.558350213227367,73.95792658664655,0.9997951391890063,11.428405493807224,0.9555491680718003,3.589846744769458
88608e24d9fffff,18.544354710769078,73.96606252963586,0.908276227085625,1.166539643059929,0.8041511255794254,0.366428942563547
88608e24dbfffff,18.543968250979837,73.95785726967326,0.9017777266416243,4.691471169319571,0.7970746064289271,1.4736668658184833
88608e24ddfffff,18.55173949810153,73.97020047390792,0.9116193973397033,1.148132539885766,0.8078857495435298,0.3606469741650498
88608e24e1fffff,18.5812791976742,73.986756646737,0.9170734606887359,22.626397185867347,0.8159543734647084,7.1073167930172545
88608e24e3fffff,18.58089162016425,73.97854804354198,0.9500783443124281,18.85797749493073,0.6636120270542862,5.923595304681505
88608e24e5fffff,18.588664258317888,73.99089678901365,0.9574057669470962,9.380128205466505,0.9236160450984141,2.9464497669566256
88608e24e7fffff,18.58827645777018,73.98268751714191,0.9524096726319998,4.07012242938236,0.668223872358249,1.2784911912557562
88608e24e9fffff,18.574281231990316,73.99082580174084,0.9268865073309652,6.884679741265855,0.8277611348211726,2.162589100584145
88608e24ebfffff,18.57389419096863,73.98261694411491,0.9752201507894495,17.015768694772337,0.9025557851005402,5.344927767200637
88608e24edfffff,18.58166646174046,73.99496617298385,0.8942492238253195,9.79743844058642,0.8606864908158428,3.077533651748426
88608e25d1fffff,18.603046293854803,73.99096778338266,0.6703690926242658,0.8843723618039012,0.7046860833334934,0.2777956422622682
88608e25d9fffff,18.59604937253758,73.99503737097166,0.887001716810863,3.1401321780361267,0.8544480757348564,0.986366233117749
88608e25dbfffff,18.595661349121066,73.9868274304132,0.8942625059640286,1.4429233271537332,0.8606980543197457,0.45324552158580594
88608e2693fffff,18.51558631160487,73.96592308880591,0.838304089277974,3.351305792098993,0.6826508294682796,1.0526992759412266
88608e2697fffff,18.522971322398757,73.9700606121925,0.9633940464585905,9.954259478403007,0.7911761069038089,3.126793672529304
88608e2699fffff,18.508969849418627,73.97819630174426,0.8566708017136769,1.3653468041884784,0.6976318042573868,0.42887748279087007
88608e269bfffff,18.508585759654235,73.96999069181591,0.9812253341384815,2.653117085411702,0.8661879316210229,0.8333869267868043
88608e26b7fffff,18.54474085792449,73.97426871287841,0.751995538215749,0.5120050515706794,0.6719647435683395,0.16082905604657627
