city,evening_share,load_model,policy,orders_per_day,on_time_day,on_time_evening,on_time_8pm,late_orders_per_day,rider_hours_per_day,rider_hours_per_order,rider_cost_inr_per_order,median_reach_km_8pm,median_reach_km_3pm,share_8pm_orders_in_hexes_below_80pct,share_3pm_orders_in_hexes_below_80pct,late_night 0-6,late_day 7-18,late_evening 19-22,late_late 23,late_outer_ring,late_inner,late_small_stores,late_large_stores
hyderabad,0.35,demand map,util80,119366.79999999996,0.9392970756749123,0.9821588687042527,0.9842702274187592,7245.913827327866,25878,0.21679394940636765,26.01527392876412,1.577734540045665,1.0350070492213048,0.0075467965330615165,0.1177037719775418,1141.1029826480192,4587.125061382683,1110.864988141317,406.8207951558489,2131.7602113635603,5114.15361596432,3755.3299081809646,3490.583919146887
hyderabad,0.35,demand map,erlang95,119366.79999999996,0.9662207853497266,0.9636069163021456,0.9628355507693457,4032.1167593162504,27399,0.22953618594114952,27.544342312937946,1.3577029846485866,1.4672803648188661,0.018629096968520192,0.0,120.43298809532688,2045.7956974476735,1748.9873502045414,116.90072356870952,1345.1061769926123,2687.0105823236327,939.2304245533087,3092.886334762938
hyderabad,0.35,demand map,same_budget,119366.79999999996,0.9523028060065536,0.9717189678632427,0.9722668237277401,5693.461415976892,25878,0.21679394940636765,26.01527392876412,1.3513615714055038,1.1760551991136163,0.008164357550739302,0.035329494160270855,709.4301616991511,3271.51397279402,1482.2293813827068,230.28790010100758,1896.6470129226327,3796.814403054251,2226.932664633563,3466.5287513433236
hyderabad,0.45,demand map,util80,119366.79999999996,0.9400090472300772,0.9882323084434536,0.9893066528047547,7160.92806109682,25906,0.21702852049313548,26.043422459176263,1.625,0.8717978360627051,0.0053831609918154515,0.15499757778259202,1007.4379769751289,4750.5027125415745,998.7362115343379,404.2511600457735,2011.4258213790777,5149.5022397177245,3614.083020660143,3546.845040436676
hyderabad,0.45,demand map,erlang95,119366.79999999996,0.9656912020589772,0.9624098908587756,0.962705845693805,4095.3314220664724,27235,0.228162269575795,27.3794723490954,1.3064036164781687,1.4860941770409954,0.02369017126297475,0.0,91.27334889896856,1715.7322489460269,2200.809025997934,87.51679822354181,1420.440385384989,2674.8910366814816,968.476148437599,3126.855273628872
hyderabad,0.45,demand map,same_budget,119366.79999999996,0.9581153053019484,0.978540504315041,0.9792348321226418,4999.64197508335,25906,0.21702852049313548,26.043422459176263,1.405118706818831,1.1990476019874396,0.0038151467140380498,0.022887009515689574,610.949549700937,2771.07414042427,1405.9812520924784,211.63703286566977,1724.5495487251842,3275.0924263581796,2007.6144301668667,2992.0275449164888
hyderabad,0.35,disclosed average,util80,135986.60920339217,0.9430136034940453,0.9896559923558921,0.9909015246238436,7749.386831564827,29121,0.21414608519611195,25.697530223533434,1.603612613697678,1.0663659153899572,,,1323.6061940237016,5095.330277732082,839.240916233002,491.2094435760532,2552.5352997851123,5196.8515317797155,0.0,7749.3868315648315
hyderabad,0.35,disclosed average,erlang95,135986.60920339217,0.9663094464801746,0.9638860529494904,0.9634391853840412,4581.464135346481,30579,0.22486772910311825,26.984127492374192,1.305690006455689,1.424290549824063,,,134.19834276666631,2329.7632820027056,1992.097852564079,125.40465801303074,1718.5329248924402,2862.931210454042,0.0,4581.46413534648
hyderabad,0.35,disclosed average,same_budget,135986.60920339217,0.9516538800016244,0.9721670160692251,0.9725393969678054,6574.424926719403,29121,0.21414608519611195,25.697530223533434,1.378050464914077,1.2560862865020426,,,1010.8469999246172,3633.262462836476,1672.4744664104126,257.84099754790583,2332.274121150933,4242.150805568487,0.0,6574.424926719408
bengaluru,0.35,demand map,util80,129543.30000000012,0.9455918614844023,0.9762706272718045,0.9776105598042264,7048.209810167619,27425,0.21170527537896575,25.40463304547589,0.48697431598929636,0.13010872740708262,0.05062840365274314,0.0827737141754487,1050.6694940474556,4238.93732399572,1400.0030303060114,358.59996181844105,0.0,7048.209810167598,2438.4477639908705,4609.762046176759
bengaluru,0.35,demand map,erlang95,129543.30000000012,0.9671444916158896,0.9652453648811946,0.9663973061835153,4256.210979255326,29799,0.23003119420301915,27.6037433043623,1.2697897959830577,1.375,0.0,0.0,128.4904192302763,2174.691489214872,1835.5036550126636,117.52541579750505,0.0,4256.21097925534,188.1672928687699,4068.0436863865593
bengaluru,0.35,demand map,same_budget,129543.30000000012,0.9580582713527237,0.9761808999842138,0.9776833366516253,5433.269936672716,27425,0.21170527537896575,25.40463304547589,1.0688940333210344,0.5756009990138182,0.011222841863336825,0.045615821812368756,604.1466742378334,3223.3026549143633,1379.4398931356798,226.38071438483615,0.0,5433.2699366726965,1699.3049745698836,3733.9649621028398
bengaluru,0.45,demand map,util80,129543.30000000012,0.9449389208272809,0.9802157946568911,0.9815597495141847,7132.793897595301,27431,0.21175159193875695,25.410191032650836,0.6733705612551719,0.15501126612478885,0.039566956147833864,0.08482831729210519,958.9708844534218,4307.010017709516,1499.8485404950834,366.9644549372835,0.0,7132.793897595303,2339.766493777922,4793.02740381738
bengaluru,0.45,demand map,erlang95,129543.30000000012,0.9670774635908167,0.9642829510542332,0.963884687090558,4264.894010815741,29633,0.22874976938212915,27.449972325855498,1.2292695092023862,1.375,0.0,0.0,98.04012117470864,1788.4876318067868,2278.322027297997,100.04423053624777,0.0,4264.894010815722,197.22154333691637,4067.6724674788225
bengaluru,0.45,demand map,same_budget,129543.30000000012,0.9629179122316213,0.9821366551052008,0.9826645862483835,4803.736020405413,27431,0.21175159193875695,25.410191032650836,1.1263517420910394,0.5858390926817258,0.004305131208049716,0.04714136631109501,494.2069157663632,2812.975296174589,1292.3335390027516,204.22026946170945,0.0,4803.736020405393,1499.4938681190704,3304.2421522863324
bengaluru,0.35,disclosed average,util80,217871.019046295,0.9475579562291927,0.9948313085883623,0.9957578743349936,11425.601517216139,46924,0.2153751343588713,25.84501612306456,1.3582217394111706,0.921239683585429,,,2285.678568433465,7541.3351613601835,866.0760479783345,732.5117394441257,0.0,11425.601517216175,0.0,11425.601517216175
bengaluru,0.35,disclosed average,erlang95,217871.019046295,0.9668600674739464,0.9644463611032855,0.9636086764394709,7220.2308705767455,48863,0.2242748953664975,26.912987443979702,1.106838193827038,1.197447155868303,,,206.34921426542928,3678.74640912979,3134.3154571688106,200.81979001272924,0.0,7220.230870576768,0.0,7220.230870576768
bengaluru,0.35,disclosed average,same_budget,217871.019046295,0.9566881155994511,0.9775407399918045,0.9788070626781434,9436.40439116289,46924,0.2153751343588713,25.84501612306456,1.1919273927352023,1.0695199762240954,,,1500.5997822180525,5375.806935822311,2179.0957633967564,380.90190972577017,0.0,9436.404391162918,0.0,9436.404391162918
pune,0.35,demand map,util80,90603.40000000002,0.929665558154897,0.9738949649783893,0.9767961722538352,6372.539568268592,19814,0.21868936485827237,26.242723782992684,1.5483985509117955,0.838259191391116,0.017605714210789422,0.17407586540339773,872.8033132300799,4004.1290298531,1152.7134393685371,342.8937858168767,3045.673156438148,3326.8664118304478,3247.48557932445,3125.0539889441425
pune,0.35,demand map,erlang95,90603.40000000002,0.9660730182080068,0.96301167948393,0.9629695432031644,3073.899902092676,21518,0.2374966060876302,28.499592730515623,1.4765456845547322,1.5940016985611378,0.005685389650514738,0.0,84.52284779443553,1557.3763319213358,1351.1599859432386,80.84073643366956,1422.3390109995057,1651.5608910931662,657.6543326934084,2416.245569399261
pune,0.35,demand map,same_budget,90603.40000000002,0.9424468636770054,0.9652637280362062,0.9664379700256405,5214.509831526805,19814,0.21868936485827237,26.242723782992684,1.34029944361057,1.1514267988552427,0.008961625922045009,0.06531722575304119,609.9928492248762,3007.372728044724,1379.8536345061991,217.29061975100262,2564.1643886550805,2650.345442871735,2127.123790488397,3087.3860410384045
pune,0.45,demand map,util80,90603.40000000002,0.930984325818628,0.9816715674418175,0.9827779612395163,6253.054734124527,19806,0.2186010679510923,26.232128154131075,1.625,0.7441634216500607,0.016387975391119386,0.19390972759297345,751.6400950595147,4075.8979396614063,1082.1789472455416,343.33775215806736,2883.8371165017015,3369.2176176228154,3046.022760298921,3207.0319738256085
pune,0.45,demand map,erlang95,90603.40000000002,0.9659408372633723,0.963270724505954,0.962920258496836,3085.8759450917714,21374,0.2359072617583887,28.308871411006642,1.451093076694478,1.6162875140017672,0.005831963600786503,0.0,69.79898762443305,1297.75183197758,1647.2967490851095,71.02837640464837,1456.4785414371343,1629.3974036546363,656.0572705887471,2429.8186745030257
pune,0.45,demand map,same_budget,90603.40000000002,0.9480250154573145,0.9725357729790186,0.9729207271288247,4709.110314514732,19806,0.2186010679510923,26.232128154131075,1.3860277584702743,1.1344835055666491,0.008396995183484024,0.07067741776151683,555.4635777437034,2611.59017766362,1360.0857891380979,181.97076996931506,2336.849067522773,2372.2612469919445,1917.7168569887053,2791.393457526019
pune,0.35,disclosed average,util80,112591.06353399139,0.9354721509432669,0.9846525901474756,0.9863131444676317,7265.259152858425,25128,0.22317934666647699,26.78152159997724,1.6119055553457147,1.0917527975374346,,,1149.592574930145,4740.452644190812,950.7911370956872,424.42279664177573,3858.1675528873657,3407.0915999710564,0.0,7265.259152858413
pune,0.35,disclosed average,erlang95,112591.06353399139,0.9649293904423547,0.962001159608122,0.9621717636695304,3948.6372288806306,26704,0.2371769051807387,28.461228621688644,1.4321437912601025,1.504126496166619,,,111.47407051939379,1999.8264456610502,1728.7314190354698,108.60529366471823,2350.09567167178,1598.5415572088448,0.0,3948.637228880622
pune,0.35,disclosed average,same_budget,112591.06353399139,0.9429638862493298,0.9657655869756021,0.9663346534150519,6421.756707033666,25128,0.22317934666647699,26.78152159997724,1.4406641127385416,1.2347982702510285,,,890.0230010057937,3595.418951822273,1673.6481674785643,262.66658672704347,3605.0284317641676,2816.7282752695064,0.0,6421.75670703367
