protocol,method,recall_0.5km,recall_1.0km,recall_1.5km,n_targets,beats_index_0.5km,beats_index_1.5km
leave_brand_and_city_out,catchment+spacing_greedy,0.16751918158567775,0.7263427109974424,0.7468030690537084,9,6.0,8.0
leave_brand_and_city_out,catchment_greedy,0.19309462915601022,0.33248081841432225,0.3337595907928389,9,7.0,0.0
leave_brand_and_city_out,competitor_max_coverage,0.12148337595907928,0.7800511508951407,0.7979539641943734,9,5.0,8.0
leave_brand_and_city_out,demand_index_max_coverage,0.11508951406649616,0.7007672634271099,0.7186700767263428,9,,
leave_brand_and_city_out,lightgbm_top_k,0.17135549872122763,0.5255754475703325,0.5370843989769821,9,8.0,0.0
leave_brand_and_city_out,own_hex_logit_top_k,0.22506393861892582,0.5127877237851662,0.5268542199488491,9,8.0,0.0
leave_brand_and_city_out,random,0.08258312020460358,0.44101662404092073,0.4545140664961637,9,1.0,0.0
leave_brand_and_city_out,spacing+competition_no_features_greedy,0.2710997442455243,0.7570332480818415,0.7659846547314578,9,9.0,7.0
leave_brand_and_city_out,structural_greedy,0.23145780051150894,0.7672634271099744,0.7723785166240409,9,9.0,8.0
leave_one_brand_out,catchment+spacing_greedy,0.15728900255754474,0.7531969309462916,0.768542199488491,9,7.0,9.0
leave_one_brand_out,catchment_greedy,0.1969309462915601,0.34398976982097185,0.34654731457800514,9,7.0,0.0
leave_one_brand_out,competitor_max_coverage,0.12148337595907928,0.7800511508951407,0.7979539641943734,9,5.0,8.0
leave_one_brand_out,demand_index_max_coverage,0.11508951406649616,0.7007672634271099,0.7186700767263428,9,,
leave_one_brand_out,lightgbm_top_k,0.2928388746803069,0.6649616368286445,0.6739130434782609,9,9.0,2.0
leave_one_brand_out,own_hex_logit_top_k,0.23529411764705882,0.5076726342710998,0.5230179028132992,9,8.0,0.0
leave_one_brand_out,random,0.0825831202046036,0.44101662404092073,0.4545140664961637,9,1.0,0.0
leave_one_brand_out,spacing+competition_no_features_greedy,0.2672634271099744,0.7519181585677749,0.7595907928388747,9,9.0,6.0
leave_one_brand_out,structural_greedy,0.22634271099744246,0.7595907928388747,0.7659846547314578,9,9.0,9.0
leave_one_city_out,catchment+spacing_greedy,0.15217391304347827,0.7404092071611253,0.7595907928388747,9,6.0,6.0
leave_one_city_out,catchment_greedy,0.1969309462915601,0.3388746803069054,0.340153452685422,9,7.0,0.0
leave_one_city_out,competitor_max_coverage,0.12148337595907928,0.7800511508951407,0.7979539641943734,9,5.0,8.0
leave_one_city_out,demand_index_max_coverage,0.11508951406649616,0.7007672634271099,0.7186700767263428,9,,
leave_one_city_out,lightgbm_top_k,0.1547314578005115,0.5,0.5076726342710998,9,7.0,0.0
leave_one_city_out,own_hex_logit_top_k,0.21994884910485935,0.510230179028133,0.5255754475703325,9,8.0,0.0
leave_one_city_out,random,0.08258312020460358,0.44101662404092073,0.4545140664961637,9,1.0,0.0
leave_one_city_out,spacing+competition_no_features_greedy,0.2608695652173913,0.7774936061381074,0.7877237851662404,9,9.0,9.0
leave_one_city_out,structural_greedy,0.24296675191815856,0.7672634271099744,0.7762148337595908,9,8.0,9.0
