brand,parameter,estimate,ci_low,ci_high
Blinkit,density_per_km2,-0.27895896780378043,-0.5032289601267476,0.008370036494035143
Blinkit,office,0.4140214095238556,0.013298674284613614,0.8906143868535422
Blinkit,education,0.32417490053651055,0.030354689308286914,0.5456430565217631
Blinkit,food_retail,0.30453931915669946,-0.12855454705321792,0.8144427295023505
Blinkit,residential_highrise,0.030404530959610165,-0.23307559804249522,0.22953229051127133
Blinkit,buildings,0.10448877312967456,-0.2281016318290988,0.41587190083389697
Blinkit,distance_to_center_km,0.2116282972900167,0.0040741077265401306,0.4442664980527307
Blinkit,gamma_own_spacing,4.370303926168013,3.793676968471941,5.169376411962071
Blinkit,lambda_competition,-2.5159743130245302,-3.013252796883155,-2.128601372083783
Zepto,density_per_km2,-0.20096650390120988,-0.4908293300912796,0.047186173606450554
Zepto,office,-0.027604354590473352,-0.4466472199624655,0.535642664720561
Zepto,education,-0.3604330012484386,-0.6591407479869399,0.05279500504777755
Zepto,food_retail,0.26113188489867484,-0.5047552915094075,0.7590369046394739
Zepto,residential_highrise,0.26308089023965264,0.0012068216718935086,0.5566662300905932
Zepto,buildings,0.8937864712883142,0.42746474595669126,1.35498910015566
Zepto,distance_to_center_km,-0.0896021666276524,-0.3381201292732429,0.22113488627676003
Zepto,gamma_own_spacing,3.67261512436183,3.289620200157319,4.699025230492316
Zepto,lambda_competition,-3.2344662857744484,-3.8962277063890665,-2.824274304279385
Swiggy Instamart,density_per_km2,0.042240446833477274,-0.21962449377922272,0.38184855065907697
Swiggy Instamart,office,0.03887333642272303,-0.5833244137795306,0.6232517630880466
Swiggy Instamart,education,-0.2540906134112228,-0.6318755015188215,0.0068107477951904645
Swiggy Instamart,food_retail,0.45469437991086487,-0.10983946984400397,1.1562906111494666
Swiggy Instamart,residential_highrise,0.17885434362631325,-0.015378604482801914,0.35135531240310025
Swiggy Instamart,buildings,-0.004146183929611388,-0.5388694627897873,0.6656878748821924
Swiggy Instamart,distance_to_center_km,0.19366745922149572,0.010198054116406919,0.4210465461418039
Swiggy Instamart,gamma_own_spacing,4.484612571946446,3.8373902461324048,5.9627640210817665
Swiggy Instamart,lambda_competition,-3.4879869071883722,-4.405205980962394,-3.0489635733898295
