city,brand,h3,lat,lng,probability,own_stores_in_reach,competitor_stores_in_reach,place
hyderabad,Blinkit,8860b52517fffff,17.33498953461599,78.55432457485725,0.47377172036599335,0.0,3.0,Omkar Nagar
hyderabad,Blinkit,8860a24b0dfffff,17.48792986518758,78.38056844554643,0.43699807547183234,2.0,4.0,KPHB Colony 9th Phase
hyderabad,Blinkit,8860a24b2bfffff,17.502612646105284,78.37224062470875,0.4284484295367667,1.0,0.0,Ramnaresh Colony
hyderabad,Blinkit,8860b525e1fffff,17.34221246446637,78.54152414003312,0.376059592673374,1.0,3.0,Vijaynagar Colony
hyderabad,Blinkit,8860b52533fffff,17.34984682476122,78.55463012420843,0.3727180196510494,1.0,2.0,RTC Colony
hyderabad,Blinkit,8860a24aa5fffff,17.464083528958454,78.28961893248727,0.3521797199111595,0.0,3.0,"BHEL MIG Phase 2, Vidyut Nagar"
hyderabad,Blinkit,8860a2485bfffff,17.456898220658225,78.30239656842514,0.34915956386964425,0.0,4.0,Nallagandla
hyderabad,Blinkit,8860a24b31fffff,17.502308270497924,78.35499419684766,0.3483472448909335,0.0,2.0,Prasanth Nagar
hyderabad,Blinkit,8860a24b69fffff,17.488230781117892,78.39781874164203,0.33508047084236486,1.0,2.0,Phase 3
hyderabad,Blinkit,8860b52503fffff,17.335262067396396,78.57159782311274,0.3316367403394056,1.0,2.0,Indira Nagar
hyderabad,Zepto,8860a259bbfffff,17.443421111412448,78.3796788663097,0.7468814340716514,0.0,5.0,Vittal Rao Nagar
hyderabad,Zepto,8860a24a65fffff,17.450615631599362,78.36689317234728,0.6844405826833305,1.0,3.0,Whitefields
hyderabad,Zepto,8860a25983fffff,17.436224578077677,78.39246567843679,0.6566676433445215,1.0,5.0,Kavuri Hills
hyderabad,Zepto,8860a24a69fffff,17.435779001288164,78.36659736951309,0.5333522592934483,2.0,4.0,Telecom Nagar
hyderabad,Zepto,8860a24829fffff,17.501695220035536,78.32051089826996,0.5075169173034734,1.0,3.0,Jawahar Nagar Colony
hyderabad,Zepto,8860a25b3bfffff,17.393003135468387,78.46920996948975,0.46009168107133597,0.0,2.0,Nampally
hyderabad,Zepto,8860a25991fffff,17.42858304618478,78.37938240022478,0.4578885907959169,1.0,4.0,Madhura Nagar Colony
hyderabad,Zepto,8860a25865fffff,17.40021173511454,78.45641647206811,0.44674917734254443,2.0,4.0,AC Guards
hyderabad,Zepto,8860a24869fffff,17.487171304985146,78.33745662852033,0.44652644157221993,0.0,2.0,RTC Colony
hyderabad,Zepto,8860a25b37fffff,17.40785032042404,78.46951111134686,0.43953109782818894,0.0,1.0,Adarsh Nagar
hyderabad,Swiggy Instamart,8860a25837fffff,17.406837322577953,78.40911915342666,0.3656722101413806,1.0,3.0,Brindavan Colony
hyderabad,Swiggy Instamart,8860b52c5bfffff,17.409546038636382,78.57313041588012,0.31932540245649693,1.0,3.0,Srinivasa Colony
hyderabad,Swiggy Instamart,8860a25b3dfffff,17.40064114055009,78.48230638302591,0.3041467208504013,0.0,4.0,Hyderguda
hyderabad,Swiggy Instamart,8860a25823fffff,17.40712853910751,78.4263700329169,0.3023237346590409,0.0,1.0,Venkateswara Colony
hyderabad,Swiggy Instamart,8860b52e31fffff,17.402464608946673,78.5945782189705,0.29405699761005666,1.0,2.0,Canara Nagar
hyderabad,Swiggy Instamart,8860b52d8bfffff,17.483378594285554,78.5487414919373,0.28756518701233125,0.0,2.0,AS Rao Nagar
hyderabad,Swiggy Instamart,8860a259a1fffff,17.45870518267003,78.40584928418099,0.2841972485211851,1.0,5.0,Gayatri Nagar
hyderabad,Swiggy Instamart,8860a259e7fffff,17.451507491757532,78.41863965647207,0.27710392430037956,0.0,4.0,MNR Puram
hyderabad,Swiggy Instamart,8860a259d5fffff,17.421532234891856,78.40079245600907,0.2761478430810233,0.0,2.0,Prashasan Nagar
hyderabad,Swiggy Instamart,8860a25b05fffff,17.393429951463357,78.49510276391804,0.27455216086495604,1.0,3.0,Barkathpura Jn
bengaluru,Blinkit,8861892ed3fffff,12.97091500621219,77.61976181361369,0.51006376514728,0.0,1.0,Craig Park Layout
bengaluru,Blinkit,8861892535fffff,12.963325691016145,77.64913456086612,0.5015052416509335,1.0,2.0,Kodihalli
bengaluru,Blinkit,8860145149fffff,12.866479088320258,77.5337897363267,0.49441270624740535,0.0,3.0,Judicial Layout
bengaluru,Blinkit,88618925a1fffff,12.963476712834236,77.60699576651213,0.4931644972569374,2.0,4.0,Arab Lines
bengaluru,Blinkit,8861892533fffff,12.95588805928307,77.63636391186299,0.4855888406405335,0.0,0.0,Krishna Reddy Colony
bengaluru,Blinkit,8861892eddfffff,12.970855297706493,77.6366177649823,0.45231695544606837,2.0,2.0,Motappanapalya
bengaluru,Blinkit,8861892c49fffff,13.023081819814436,77.68388505404889,0.4265089101860074,0.0,3.0,Akshaya Nagar
bengaluru,Blinkit,88618924c9fffff,12.866250072999598,77.59272256742267,0.39436865115102326,1.0,4.0,Kalena Agrahara
bengaluru,Blinkit,8861892e9bfffff,12.97844134799895,77.60724811631391,0.39048119341410953,1.0,3.0,Tasker Town
bengaluru,Blinkit,88618920bbfffff,12.948162788264312,77.69947024215966,0.3779998920866295,1.0,4.0,MSR Layout
bengaluru,Zepto,8861892ec3fffff,12.97832387916077,77.64095929419824,0.6399991888079335,1.0,3.0,Old Binnamangala
bengaluru,Zepto,8861892ec5fffff,12.98576282532831,77.65373164169289,0.5878066414512133,0.0,0.0,Sudgunte Palya
bengaluru,Zepto,8861892ec9fffff,12.970794492951715,77.65347689647938,0.5816915935913483,1.0,2.0,Puttappa Layout
bengaluru,Zepto,8861892191fffff,12.985481905108065,77.72964093694527,0.5378360708326959,0.0,4.0,Prestige Shantiniketan
bengaluru,Zepto,8860145a1bfffff,12.926377116885249,77.51794969150302,0.5027173136731294,0.0,2.0,Ideal Homes Layout
bengaluru,Zepto,886189258dfffff,12.941013871091936,77.61082994895045,0.45958757240774856,0.0,3.0,Adugodi
bengaluru,Zepto,886014516dfffff,12.89636951445476,77.54270423115113,0.39274849049538796,0.0,3.0,Subramanyapura
bengaluru,Zepto,8861892c5dfffff,13.023139654191924,77.66701732659277,0.3876589055625787,1.0,2.0,Jayantinagara
bengaluru,Zepto,8861892e35fffff,13.01561159217832,77.67953976628607,0.36008952073466166,0.0,1.0,Kowdenahalli
bengaluru,Zepto,8861892e8dfffff,12.99329100895784,77.64121340204979,0.3508230412770605,0.0,0.0,Old Baiyappanahalli
bengaluru,Swiggy Instamart,8861892ebbfffff,13.000873807961767,77.6118402142471,0.4600338974527814,0.0,3.0,Frazer Town
bengaluru,Swiggy Instamart,88618921d5fffff,12.977911778442502,77.75060837936606,0.45121114182778177,0.0,4.0,"D Silva Layout , Happy Valley"
bengaluru,Swiggy Instamart,886189251bfffff,12.925952675128206,77.63585628174273,0.41621660116688497,0.0,3.0,Jakkasandra
bengaluru,Swiggy Instamart,88618920b9fffff,12.948129418341185,77.70790471451737,0.4031618841539531,0.0,5.0,Munekolala
bengaluru,Swiggy Instamart,8860145b69fffff,12.993433658569543,77.59907425308099,0.3933190410034525,0.0,2.0,Kaverappa Layout
bengaluru,Swiggy Instamart,8861892449fffff,12.86600773366905,77.6516943928261,0.3824253737760883,0.0,4.0,Doddathoguru
bengaluru,Swiggy Instamart,8861892e0bfffff,12.985640719825025,77.6874611712556,0.37575123123460136,0.0,3.0,Anakappa Layout
bengaluru,Swiggy Instamart,8861892415fffff,12.88861585772222,77.6141583992434,0.3477029882693809,0.0,2.0,Vijaya Bank Layout
bengaluru,Swiggy Instamart,8861892e91fffff,12.985909282285935,77.611587610053,0.34629317931501047,1.0,3.0,Sivanchetti Gardens
bengaluru,Swiggy Instamart,88618924a5fffff,12.918674630614579,77.58096903580913,0.3360287145712109,0.0,2.0,Jayanagar 5th Block
pune,Blinkit,8860885093fffff,18.50743723390594,73.79382413829532,0.35681940173328386,1.0,4.0,Anupam Park
pune,Blinkit,8860885101fffff,18.570396739952344,73.9087787865682,0.33002113041030506,1.0,4.0,Viman Nagar
pune,Blinkit,8860885541fffff,18.49966578873014,73.78151676553469,0.319453773097179,0.0,2.0,Anupam Park
pune,Blinkit,886088420dfffff,18.565300262230796,73.80225593911885,0.30383201898824147,1.0,2.0,Aundh
pune,Blinkit,8860885115fffff,18.56961609220537,73.89238047442407,0.27683643829583787,1.0,0.0,Tingrenagar
pune,Blinkit,8860885505fffff,18.520628290998356,73.76933171262999,0.2766954918787722,1.0,2.0,Bavdhan Budruk
pune,Blinkit,886088512bfffff,18.584772162393595,73.90884563542798,0.27182300712457813,1.0,4.0,Viman Nagar
pune,Blinkit,8860885567fffff,18.528400845391324,73.78163762153525,0.26412810109709484,0.0,2.0,Ramnagar Colony
pune,Blinkit,8860885725fffff,18.493457970868583,73.80194861919936,0.2626770422921801,2.0,6.0,Dahanukar Colony
pune,Blinkit,8860885133fffff,18.5835984380698,73.88424831497268,0.24634167363359616,1.0,2.0,Dhanori
pune,Zepto,88608850e3fffff,18.52376241211947,73.8348261731604,0.34399946671133685,0.0,4.0,Model Colony
pune,Zepto,88608852c3fffff,18.453048876763923,73.85908022278937,0.2581554923936585,0.0,4.0,Katraj
pune,Zepto,88608850c5fffff,18.50977952196849,73.84295363060988,0.2541586497053821,0.0,2.0,Navi Peth
pune,Zepto,88608850edfffff,18.524542841707408,73.85120905241578,0.24684062949558422,0.0,2.0,Shaniwar Peth
pune,Zepto,886088423dfffff,18.57887550669817,73.78594236268219,0.23248397192088,0.0,1.0,Vishal Nagar
pune,Zepto,88608851dbfffff,18.53852506123483,73.84308067542872,0.22934828449096903,0.0,3.0,Model Colony
pune,Zepto,8860884227fffff,18.593634552098152,73.7941905047617,0.21822911873109258,1.0,4.0,Pimple Saudagar
pune,Zepto,886088528dfffff,18.46742757209647,73.85914454152348,0.21135688380976525,1.0,2.0,Shankar Maharaj Vasahat
pune,Zepto,8860884157fffff,18.65068057490537,73.78624574422427,0.20125571852830398,0.0,3.0,Nigdi
pune,Zepto,886088404bfffff,18.592842138904363,73.77781647656259,0.20025909131562802,3.0,3.0,Kaspate Vasti
pune,Swiggy Instamart,886088423bfffff,18.571100699858185,73.77363348228234,0.26235152441329407,1.0,6.0,Balewadi High Street
pune,Swiggy Instamart,88608841c9fffff,18.642103201262458,73.75756148528346,0.2168144382562657,0.0,2.0,Punawale
pune,Swiggy Instamart,886088411bfffff,18.64988143027357,73.76987027461368,0.17174619674408623,0.0,4.0,Nigdi
pune,Swiggy Instamart,8860884211fffff,18.556737372881965,73.77357344509466,0.17165178969167136,2.0,5.0,Samarth Colony
pune,Swiggy Instamart,88608852d3fffff,18.444894710573077,73.83857340247546,0.16347622586703864,0.0,3.0,Katraj
pune,Swiggy Instamart,8860884235fffff,18.58585917607103,73.78187940592431,0.15834315509371996,1.0,3.0,Vishal Nagar
pune,Swiggy Instamart,8860884359fffff,18.58783519322915,73.82282271893261,0.14747611259040092,0.0,2.0,Pimple Gurav
pune,Swiggy Instamart,8860884117fffff,18.664237937955548,73.76993014470814,0.1468954313518627,0.0,2.0,Nigdi
pune,Swiggy Instamart,886088514bfffff,18.549414708758864,73.92097875721278,0.13427871693194104,1.0,4.0,Harinagar
pune,Swiggy Instamart,886088426dfffff,18.57346826896336,73.82276020259071,0.12886997136667297,0.0,3.0,Old Sangvi
