wave,rank,expected_incremental_orders_per_day,expected_value_cr,prob_pays_back,rule,trigger_store,trigger_orders_per_day,expected_signal_orders_per_day,wave2_pick_share,mean_stores_when_opened,zone_r7,h3,lat,lng,place,city
1,1,2094.299999999999,4.450808781122855,1.0,open now,,,,,,8760b525affffff,8860b525a1fffff,17.356791341004147,78.52455994041046,Habib Nagar,hyderabad
1,2,2094.2999999999997,4.45080878112286,1.0,open now,,,,,,8760b525bffffff,8860b525bdfffff,17.349155976296746,78.51145854709249,Sanjeevaiah Nagar,hyderabad
1,3,2088.141666666667,4.423343415411633,1.0,open now,,,,,,8760b52cdffffff,8860b52cd1fffff,17.41605898381905,78.51714099354004,Boudha Nagar,hyderabad
1,4,2087.408333333334,4.420072844122612,1.0,open now,,,,,,8760a25a6ffffff,8860a25a6dfffff,17.341381106919727,78.4897290860343,Sivaji Nagar,hyderabad
1,5,2069.7500000000005,4.341318974106247,1.0,open now,,,,,,8760a25a2ffffff,8860a25a23fffff,17.355669070155123,78.45551522163227,Bahadurpura,hyderabad
1,6,2039.6833333333332,4.207225551256295,1.0,open now,,,,,,8760b194dffffff,8860b194d9fffff,17.51055954208661,78.4025784009358,Dattatreya Colony,hyderabad
1,7,2033.774999999999,4.180875153029955,0.9583333333333334,open now,,,,,,8760a25b1ffffff,8860a25b1bfffff,17.37065971073561,78.46444388072246,Chudi Bazaar,hyderabad
1,8,2031.7041666666657,4.171639505696749,0.9583333333333334,open now,,,,,,8760b525effffff,8860b525e1fffff,17.34221246446637,78.54152414003312,Vijaynagar Colony,hyderabad
1,9,2031.1000000000022,4.1689450009416005,0.9583333333333334,open now,,,,,,8760b52c8ffffff,8860b52c8bfffff,17.430908397713377,78.5174446734535,Sitaphalmandi,hyderabad
1,10,1998.262499999999,4.022494021800726,0.9583333333333334,open now,,,,,,8760b52cbffffff,8860b52cbdfffff,17.453109053735947,78.5135823958558,Trimurthy Colony,hyderabad
1,11,1989.462499999999,3.9832471663324482,0.9583333333333334,open now,,,,,,8760b525bffffff,8860b525b1fffff,17.349016733198663,78.50282660146591,Santosh Nagar,hyderabad
1,12,1960.0999999999997,3.852294235231621,0.9166666666666666,open now,,,,,,8760a25a6ffffff,8860a25a67fffff,17.34859685903396,78.47693550927991,Murad Nagar,hyderabad
1,13,1945.1208333333332,3.7854891000950404,0.9166666666666666,open now,,,,,,8760b52c9ffffff,8860b52c97fffff,17.437974664272435,78.49601035841103,Boiguda,hyderabad
1,14,1858.1541666666647,3.3976290776831486,0.9583333333333334,open now,,,,,,8760b196bffffff,8860b196bdfffff,17.503517163904775,78.42399899564862,Maisamma Nagar,hyderabad
2,1,,,,open if above,wave-1 #7 (Chudi Bazaar),997.2173855623638,3678.1303168233335,0.975,2.3333333333333335,8760a25b1ffffff,8860a25b11fffff,17.378155050200096,78.46890885827023,Goshamahal,hyderabad
2,2,,,,open if above,wave-1 #1 (Habib Nagar),1008.9373480540048,3208.756888282001,0.8625,2.550724637681159,8760b525affffff,8860b525a5fffff,17.364287832222743,78.52902902957948,Vivekananda Nagar,hyderabad
2,3,,,,open if above,wave-1 #5 (Bahadurpura),1287.5671696778077,2841.222545037418,0.8375,1.6417910447761195,8760a2584ffffff,8860a2584bfffff,17.362879947004238,78.44272482667832,Asad Baba Nagar,hyderabad
2,4,,,,open regardless,wave-1 #4 (Sivaji Nagar),,2444.99029538627,0.8125,1.3846153846153846,8760a25a6ffffff,8860a25a6bfffff,17.33374543161016,78.47663403724951,Ghulam Murtaza Nagar,hyderabad
2,5,,,,open if above,wave-1 #14 (Maisamma Nagar),1869.3104773213392,2275.955440595367,0.6875,1.6,8760b196bffffff,8860b196b9fffff,17.49602370893125,78.4195353899851,Saptagiri Colony,hyderabad
2,6,,,,open if above,wave-1 #13 (Boiguda),1377.9487691201832,3103.906259793578,0.6625,1.1886792452830188,8760a2596ffffff,8860a25965fffff,17.452676571590935,78.48767941619157,Dattawadi,hyderabad
2,7,,,,open regardless,wave-1 #5 (Bahadurpura),,2841.222545037418,0.6,2.1458333333333335,8760a25a2ffffff,8860a25a27fffff,17.36316438392229,78.45997933517928,Kabutarkhana,hyderabad
2,8,,,,open if above,wave-1 #3 (Boudha Nagar),1105.5492778998448,2480.8029654392544,0.6,1.0,8760a25b6ffffff,8860a25b65fffff,17.40120866606974,78.51683734452988,DD Colony,hyderabad
2,9,,,,open if above,wave-1 #9 (Sitaphalmandi),958.9095857495071,2475.3207442130893,0.5625,1.0,8760b52ccffffff,8860b52cc3fffff,17.423696610966307,78.53024622154558,Manikeshwari Nagar,hyderabad
2,10,,,,open regardless,wave-1 #1 (Habib Nagar),,3208.756888282001,0.55,1.0454545454545454,8760a25b4ffffff,8860a25b45fffff,17.37886136017443,78.51206520666126,Sri Nagar Colony,hyderabad
2,11,,,,open if above,wave-1 #10 (Trimurthy Colony),1191.6691392691052,2201.8367571707468,0.5375,1.0930232558139534,8760b52c8ffffff,8860b52c85fffff,17.445899842796948,78.52638446136073,Gopal Nagar,hyderabad
2,12,,,,open if above,wave-1 #7 (Chudi Bazaar),1476.6147969857204,3678.1303168233335,0.5375,1.1162790697674418,8760a2586ffffff,8860a2586bfffff,17.38522188057968,78.44748809146067,Syed Ali Guda,hyderabad
2,13,,,,open if above,wave-1 #13 (Boiguda),1825.0091453145765,3103.906259793578,0.525,1.880952380952381,8760b52c9ffffff,8860b52c91fffff,17.430622747497335,78.50017579794309,Boiguda,hyderabad
2,14,,,,open if above,wave-1 #2 (Sanjeevaiah Nagar),838.4479447551317,2497.74037384818,0.5125,1.024390243902439,8760b5258ffffff,8860b52587fffff,17.34179839481581,78.51562305742816,Champapet,hyderabad
2,15,,,,open if above,wave-1 #6 (Dattatreya Colony),2300.8130681710304,2427.657092563323,0.45,1.0,8760b194dffffff,8860b194dbfffff,17.510408462142653,78.39395177906461,Aditya Nagar,hyderabad
2,16,,,,open regardless,wave-1 #11 (Santosh Nagar),,2565.308972158109,0.45,1.5555555555555556,8760a25b5ffffff,8860a25b59fffff,17.356233065719085,78.49003125260604,Zohra Bee Colony,hyderabad
2,17,,,,open regardless,wave-1 #7 (Chudi Bazaar),,3678.1303168233335,0.375,1.0,8760a25b0ffffff,8860a25b0bfffff,17.37843864784837,78.48616902402274,Kali Khabr,hyderabad
2,18,,,,open regardless,wave-1 #11 (Santosh Nagar),,2565.308972158109,0.3625,1.9310344827586208,8760b525bffffff,8860b525b7fffff,17.356373171086293,78.49866223868662,Madannapet,hyderabad
2,19,,,,open if above,wave-1 #10 (Trimurthy Colony),1502.1954442576734,2201.8367571707468,0.3625,1.2758620689655173,8760b52cbffffff,8860b52cb7fffff,17.460316252793945,78.50078143731004,Kakaguda,hyderabad
2,20,,,,open if above,wave-1 #1 (Habib Nagar),792.221824788348,3208.756888282001,0.35,1.0357142857142858,8760b52e9ffffff,8860b52e93fffff,17.379001548078477,78.52069884881088,East Prasanthi Nagar,hyderabad
2,21,,,,open if above,wave-1 #8 (Vijaynagar Colony),983.796171451835,2372.600639141826,0.3,1.2083333333333333,8760b525effffff,8860b525e5fffff,17.349709371030748,78.5459942298667,Bahadurguda,hyderabad
2,22,,,,open if above,wave-1 #7 (Chudi Bazaar),1384.3956272116754,3678.1303168233335,0.25,1.0,8760a25b3ffffff,8860a25b3bfffff,17.393003135468387,78.46920996948975,Nampally,hyderabad
2,23,,,,open if above,wave-1 #3 (Boudha Nagar),1334.4693324547075,2480.8029654392544,0.225,1.1111111111111112,8760b52cdffffff,8860b52cd7fffff,17.42341268864879,78.51297542753635,Skandagiri,hyderabad
2,24,,,,open if above,wave-1 #13 (Boiguda),1778.3996516938892,3103.906259793578,0.2,1.0,8760a2594ffffff,8860a25945fffff,17.430335661622145,78.48291008686931,Jeera,hyderabad
1,1,2094.300000000001,3.670815947789533,1.0,open now,,,,,,876014585ffffff,8860145855fffff,12.978741803099831,77.51460809126733,Malagala,bengaluru
1,2,2094.299999999999,3.670815947789522,1.0,open now,,,,,,876014584ffffff,8860145841fffff,12.978689635679572,77.5314445535825,Prashanth Nagar,bengaluru
1,3,2094.300000000001,3.670815947789533,1.0,open now,,,,,,87618925bffffff,88618925b7fffff,12.96356404125835,77.58172203843483,Ganigarpet,bengaluru
1,4,2094.2999999999993,3.6708159477895252,1.0,open now,,,,,,876014583ffffff,8860145839fffff,13.001213423299136,77.50235330101735,Prasanna Layout,bengaluru
1,5,2094.300000000001,3.670815947789533,1.0,open now,,,,,,8760145a6ffffff,8860145a65fffff,12.956125928712485,77.56896267104027,Shankarapuram,bengaluru
1,6,2094.2999999999993,3.6708159477895252,1.0,open now,,,,,,8760145b1ffffff,8860145b1dfffff,12.98607598654856,77.56104103815645,Ramachandra Pura,bengaluru
1,7,2094.299999999998,3.6708159477895195,1.0,open now,,,,,,8760145b1ffffff,8860145b13fffff,12.986129364753625,77.54419855710535,Shivanahalli,bengaluru
1,8,2094.300000000003,3.6708159477895417,1.0,open now,,,,,,876014580ffffff,886014580bfffff,12.98623283997848,77.51052317140433,Kottigepalya,bengaluru
1,9,2094.2999999999993,3.6708159477895252,1.0,open now,,,,,,876014583ffffff,886014583bfffff,13.001237631949222,77.49393681807207,Prasanna Layout,bengaluru
1,10,2094.2999999999997,3.6708159477895266,1.0,open now,,,,,,8760145a2ffffff,8860145a27fffff,12.971170144594524,77.54394944056095,Hosahalli,bengaluru
1,11,2094.2999999999997,3.6708159477895266,1.0,open now,,,,,,8760145a2ffffff,8860145a2dfffff,12.963648908672718,77.5564554800577,K H Ranganath Colony,bengaluru
1,12,2094.299999999998,3.6708159477895195,1.0,open now,,,,,,876014582ffffff,8860145825fffff,13.02358686081071,77.5237701411305,MEI Colony,bengaluru
1,13,2094.300000000003,3.6708159477895417,1.0,open now,,,,,,876014586ffffff,8860145867fffff,13.008605353931049,77.53194153892952,Nandini Layout,bengaluru
1,14,2094.2999999999993,3.6708159477895252,1.0,open now,,,,,,876014582ffffff,886014582bfffff,13.008654708701831,77.51510334705881,GKW Layout,bengaluru
1,15,2094.3000000000006,3.670815947789531,1.0,open now,,,,,,8760145b0ffffff,8860145b0dfffff,12.993488799175896,77.58222416562411,Abshot Layout,bengaluru
1,16,2094.2999999999993,3.6708159477895252,1.0,open now,,,,,,8761892cdffffff,8861892cd7fffff,13.030854389313054,77.59549085639546,VV Nagar,bengaluru
1,17,2094.299999999998,3.6708159477895195,1.0,open now,,,,,,876014580ffffff,8860145805fffff,13.001164185860832,77.51918866421754,Prem Nagar,bengaluru
1,18,2094.300000000003,3.6708159477895417,1.0,open now,,,,,,8761892edffffff,8861892ed3fffff,12.97091500621219,77.61976181361369,Craig Park Layout,bengaluru
1,19,2094.2999999999993,3.6708159477895252,1.0,open now,,,,,,8761892ebffffff,8861892ebdfffff,13.008314313559218,77.62460862228264,Lingarajapuram,bengaluru
1,20,2094.3000000000006,3.670815947789531,1.0,open now,,,,,,8760145aaffffff,8860145aa5fffff,12.971327938046748,77.49344374806746,Narasipura,bengaluru
1,21,2094.2999999999993,3.6708159477895252,1.0,open now,,,,,,876016961ffffff,8860169611fffff,13.09081356827578,77.55436694105606,Doddabettahalli,bengaluru
1,22,2087.5749999999985,3.6408233224458657,1.0,open now,,,,,,8760145aaffffff,8860145aa3fffff,12.963888765272918,77.48069889077631,Upkar Residency Layout,bengaluru
1,23,2085.3958333333358,3.631104522535888,1.0,open now,,,,,,87601459cffffff,88601459cbfffff,13.023657551341344,77.49851515096249,Gruhalaxmi Layout,bengaluru
1,24,2082.5499999999993,3.6184124759994947,1.0,open now,,,,,,87601459effffff,88601459e1fffff,13.053543896821735,77.50742722139053,Bagalagunte,bengaluru
1,25,2066.316666666667,3.546013920647033,1.0,open now,,,,,,8760145b5ffffff,8860145b5bfffff,12.96362089285422,77.56487686913171,Cottonpete,bengaluru
1,26,2063.2249999999985,3.532225489417165,1.0,open now,,,,,,8760145a3ffffff,8860145a33fffff,12.956292854012514,77.51844520631552,Vidyagiri Layout,bengaluru
1,27,2057.275,3.5056892632766896,1.0,open now,,,,,,876014581ffffff,886014581dfffff,12.986258025647183,77.50210632152104,Chandana Layout,bengaluru
1,28,2056.0250000000015,3.5001144258522237,0.9583333333333334,open now,,,,,,876014588ffffff,8860145889fffff,12.986379858964865,77.4600340638295,Gongadipura,bengaluru
1,29,2048.7291666666665,3.4675759580847183,0.9583333333333334,open now,,,,,,876014591ffffff,8860145915fffff,13.046009820656217,77.52835252221519,HMT Watch Factory Colony,bengaluru
1,30,2041.1083333333336,3.4335880325868597,0.9583333333333334,open now,,,,,,87601696dffffff,88601696d3fffff,13.0759857434351,77.50358856876566,Chikka Banavara,bengaluru
1,31,2032.712499999999,3.396143707885822,0.9583333333333334,open now,,,,,,8760145b2ffffff,8860145b29fffff,13.008450717284163,77.58247526686165,Upper Palace Orchard,bengaluru
1,32,2024.6124999999993,3.3600187613752506,0.9583333333333334,open now,,,,,,8761892edffffff,8861892edbfffff,12.963417125650697,77.6238488983792,Gowthamapura,bengaluru
1,33,2018.4541666666676,3.332553395664028,0.9583333333333334,open now,,,,,,876014585ffffff,8860145853fffff,12.97130232152126,77.50185936670057,ITI Layout,bengaluru
1,34,2017.9833333333336,3.3304535402341418,0.9583333333333334,open now,,,,,,876014594ffffff,8860145943fffff,13.030980731701622,77.55336819577803,Mohan Kumar Nagar,bengaluru
1,35,2015.345833333334,3.3186906332685076,0.9583333333333334,open now,,,,,,8761892c8ffffff,8861892c8bfffff,13.03832268752397,77.5998302301903,Cholanayakanahalli,bengaluru
1,36,2015.2541666666646,3.3182818118573687,0.9583333333333334,open now,,,,,,876014586ffffff,8860145869fffff,12.993621857898091,77.54011289490512,Basaveshwaranagar,bengaluru
1,37,1991.9166666666654,3.214199597142493,0.9583333333333334,open now,,,,,,876014582ffffff,8860145821fffff,13.016120681998457,77.51943653304858,MEI Colony,bengaluru
1,38,1990.6875000000025,3.208717673675113,0.9583333333333334,open now,,,,,,87601459affffff,88601459a9fffff,13.061053302023963,77.49492325373656,Soundarya Layout,bengaluru
1,39,1989.1666666666679,3.201934954808668,0.9166666666666666,open now,,,,,,8760145a3ffffff,8860145a3dfffff,12.956238304063396,77.53528116998447,BCC Layout,bengaluru
1,40,1970.0791666666653,3.116807187336979,0.9166666666666666,open now,,,,,,876016961ffffff,8860169613fffff,13.090835204688293,77.54594307021723,Bestcounty2,bengaluru
1,1,2094.299999999997,4.4508087811228485,1.0,open now,,,,,,876088501ffffff,8860885011fffff,18.510557803862984,73.85933753625915,Guruwar Peth,pune
1,2,2094.300000000001,4.450808781122866,1.0,open now,,,,,,876088501ffffff,886088501dfffff,18.510946479068622,73.86753087732322,Ganesh Peth,pune
1,3,2094.300000000001,4.450808781122866,1.0,open now,,,,,,87608852effffff,88608852e7fffff,18.482192441534316,73.86740138240933,Mukund Nagar,pune
1,4,2094.3000000000006,4.450808781122864,1.0,open now,,,,,,876088523ffffff,8860885235fffff,18.49073522874546,73.8961155650301,Wanawadi,pune
1,5,2063.9500000000007,4.3154517284567,1.0,open now,,,,,,876088504ffffff,8860885047fffff,18.51211064013833,73.89211645133265,Pune Cantonment,pune
1,6,2039.9874999999963,4.208582095029566,0.9583333333333334,open now,,,,,,87608852affffff,88608852a5fffff,18.49618203735718,73.85927319825743,Swargate,pune
1,7,2001.3958333333346,4.036468280944746,0.9583333333333334,open now,,,,,,876088502ffffff,8860885027fffff,18.547468802985122,73.87998607700625,Ram Housing Society,pune
1,8,1971.695833333335,3.9040101437393075,0.9166666666666666,open now,,,,,,876088503ffffff,8860885033fffff,18.531924589743177,73.85533742229838,Shivajinagar,pune
1,9,1963.9250000000004,3.8693532377505058,0.9583333333333334,open now,,,,,,87608851dffffff,88608851d5fffff,18.553287943433983,73.85133693514264,Mandalay Lines,pune
1,10,1931.3583333333324,3.7241101400516072,0.9166666666666666,open now,,,,,,876088522ffffff,8860885227fffff,18.498504849631622,73.90844464241908,काळुबाई चौक,pune
2,1,,,,open if above,wave-1 #7 (Ram Housing Society),1235.224012220296,2566.427224919258,0.8875,1.267605633802817,876088511ffffff,8860885111fffff,18.562233605829196,73.8882485691406,Maharashtra Co-operative Housing Society,pune
2,2,,,,open if above,wave-1 #3 (Mukund Nagar),1126.6542474598893,2980.2865593074744,0.725,1.896551724137931,87608852effffff,88608852e1fffff,18.475196588498797,73.87146551432988,Mahesh Society,pune
2,3,,,,open regardless,wave-1 #1 (Guruwar Peth),,3496.917829080973,0.675,3.111111111111111,876088501ffffff,8860885013fffff,18.51016881811904,73.85114512062867,Sadashiv Peth,pune
2,4,,,,open regardless,wave-1 #1 (Guruwar Peth),,3496.917829080973,0.6625,1.0188679245283019,876088508ffffff,8860885089fffff,18.5089999989747,73.82657342811913,Erandwane,pune
2,5,,,,open regardless,wave-1 #9 (Mandalay Lines),,2349.8424713418253,0.6125,1.0,87608850affffff,88608850a5fffff,18.545123443152054,73.83082539472873,Mandalay Lines,pune
2,6,,,,open regardless,wave-1 #2 (Ganesh Peth),,3188.303465704676,0.5875,2.0,876088500ffffff,8860885003fffff,18.51832878841878,73.87166037580322,Somwar Peth,pune
2,7,,,,open regardless,wave-1 #2 (Ganesh Peth),,3188.303465704676,0.525,1.4047619047619047,876088503ffffff,8860885039fffff,18.525322028908192,73.86759563447876,Somwar Peth,pune
2,8,,,,open if above,wave-1 #5 (Pune Cantonment),698.8025419896478,1695.2954109507732,0.475,1.0789473684210527,876088506ffffff,886088506bfffff,18.51949362702815,73.89624795664297,Dobarwadi,pune
2,9,,,,open if above,wave-1 #5 (Pune Cantonment),698.3571375139962,1695.2954109507732,0.475,1.236842105263158,876088504ffffff,8860885045fffff,18.512498071873416,73.90031349234579,Dobarwadi,pune
2,10,,,,open if above,wave-1 #7 (Ram Housing Society),1020.9044167696637,2566.427224919258,0.4625,1.5405405405405406,876088502ffffff,8860885029fffff,18.53348262435756,73.8881169641083,Suyojan Society,pune
2,11,,,,open regardless,wave-1 #6 (Swargate),,2790.214374188054,0.45,1.1388888888888888,87608850cffffff,88608850c9fffff,18.49540528241141,73.84289011771305,Dattawadi,pune
2,12,,,,open if above,wave-1 #10 (काळुबाई चौक),1011.8806918790344,1788.0332592680404,0.45,1.0555555555555556,876088522ffffff,8860885221fffff,18.491507182964078,73.91251025670816,Wanawadi,pune
2,13,,,,open if above,wave-1 #4 (Wanawadi),884.696430676063,2533.6168999424963,0.45,1.0,876088521ffffff,8860885215fffff,18.468971251637274,73.89191850322057,Kondhwa,pune
2,14,,,,open regardless,wave-1 #6 (Swargate),,2790.214374188054,0.45,1.6944444444444444,876088505ffffff,8860885053fffff,18.496569949373896,73.86746612663374,Mukund Nagar,pune
2,15,,,,open regardless,wave-1 #1 (Guruwar Peth),,3496.917829080973,0.425,2.2941176470588234,87608850effffff,88608850e9fffff,18.517161152328878,73.84708112186206,Narayan Peth,pune
2,16,,,,open if above,wave-1 #4 (Wanawadi),1280.6901814285527,2533.6168999424963,0.3875,1.4193548387096775,876088523ffffff,8860885239fffff,18.476354561984422,73.89604937913928,Kondhwa,pune
2,17,,,,open if above,wave-1 #9 (Mandalay Lines),2107.2696373617587,2349.8424713418253,0.3375,1.2962962962962963,87608851cffffff,88608851c7fffff,18.561060971773408,73.86366004705602,Ram Housing Society,pune
2,18,,,,open regardless,wave-1 #6 (Swargate),,2790.214374188054,0.325,1.6923076923076923,87608852affffff,88608852adfffff,18.489187591223658,73.86333727703828,Mukund Nagar,pune
