policy,mean_value_cr,p10_value_cr,mean_regret_cr,mean_stores,share_value_negative,gain_vs_v1_cr,gain_ci_low_cr,gain_ci_high_cr,share_worlds_better_than_v1,city,scenario,sigma
oracle_all_now,130.4076016431815,39.785481082528754,0.0,31.425,0.0,33.35768781959648,29.811454680593144,36.8948544871875,1.0,hyderabad,sigma=0.25,0.25
robust_all_now,103.94381874278763,15.320923754696402,26.463782900393884,30.0,0.0625,6.893904919202594,3.6895973300244234,10.17851219184733,0.55,hyderabad,sigma=0.25,0.25
staged_no_learning,100.40357169419407,14.02029323669278,30.00402994898743,30.0,0.0625,3.3536578706090503,-0.37270487681452624,6.9443525653546425,0.5125,hyderabad,sigma=0.25,0.25
staged_point_learning,118.59509234414952,31.2144539282517,11.812509299031989,32.025,0.0125,21.54517852056449,17.8589178316122,25.21867453399438,0.8875,hyderabad,sigma=0.25,0.25
staged_robust_learning,122.3608509305462,32.615518403429945,8.046750712635308,32.9,0.0,25.310937106961173,22.074333879249668,28.46684994086662,0.95,hyderabad,sigma=0.25,0.25
v1_point_all_now,97.04991382358503,-6.47443438407096,33.35768781959648,33.0,0.1125,0.0,0.0,0.0,0.0,hyderabad,sigma=0.25,0.25
oracle_all_now,133.70673358684374,39.2051167373354,0.0,32.0125,0.0,47.80208833825247,43.91983095475744,51.7117867682089,1.0,hyderabad,sigma=0.5,0.5
robust_all_now,91.7872868380261,15.369743071462258,41.91944674881761,29.0,0.075,5.88264158943485,2.1322499207001777,9.450354943177096,0.55,hyderabad,sigma=0.5,0.5
staged_no_learning,85.50866802391563,12.439231497194596,48.19806556292807,29.0,0.075,-0.3959772246756065,-4.27102062308961,3.8815060575446263,0.475,hyderabad,sigma=0.5,0.5
staged_point_learning,104.32576930511067,19.168074877510033,29.380964281733046,30.3375,0.0,18.421124056519407,14.051642038497198,22.709324411401713,0.7375,hyderabad,sigma=0.5,0.5
staged_robust_learning,110.86254543701175,16.39881096624843,22.84418814983198,32.9625,0.025,24.957900188420478,21.447206857304575,28.5275038376117,0.9375,hyderabad,sigma=0.5,0.5
v1_point_all_now,85.90464524859125,-13.683691985931983,47.80208833825247,33.0,0.1625,0.0,0.0,0.0,0.0,hyderabad,sigma=0.5,0.5
oracle_all_now,133.76754175883218,33.54687355041546,0.0,31.65,0.0,67.87410490191637,63.51924292862033,72.57940210107091,1.0,hyderabad,sigma=0.75,0.75
robust_all_now,70.50419556587956,2.218321699009069,63.26334619295262,26.0,0.1,4.610758708963743,-0.28831523055364294,9.91332944847236,0.5375,hyderabad,sigma=0.75,0.75
staged_no_learning,64.29028698161594,-0.23190530284468922,69.47725477721627,26.0,0.1,-1.603149875299893,-7.177153922065057,3.934623481979675,0.5125,hyderabad,sigma=0.75,0.75
staged_point_learning,93.20666887622001,10.791196084630835,40.560872882612166,28.0125,0.025,27.31323201930419,22.016263515362432,32.58339996517428,0.825,hyderabad,sigma=0.75,0.75
staged_robust_learning,96.38023683880627,3.177421432117565,37.38730492002591,33.2875,0.0875,30.486799981890453,25.736858493605496,35.175536191980825,0.9,hyderabad,sigma=0.75,0.75
v1_point_all_now,65.89343685691583,-31.24612787548033,67.87410490191637,34.0,0.25,0.0,0.0,0.0,0.0,hyderabad,sigma=0.75,0.75
oracle_all_now,132.92167711679537,39.72846380412694,0.0,31.85,0.0,54.814169399788895,51.051079128789695,58.750741162938155,1.0,hyderabad,"misspecified: planner sigma=0.5/2km, truth sigma=0.75/1km",0.5
robust_all_now,86.25085537839789,10.84554093685503,46.67082173839747,29.0,0.075,8.14334766139142,5.008897580143297,11.19241842121072,0.7,hyderabad,"misspecified: planner sigma=0.5/2km, truth sigma=0.75/1km",0.5
staged_no_learning,80.23604495671123,8.454031296464713,52.685632160084154,29.0,0.075,2.1285372397047544,-1.4878367129268293,5.663881276766196,0.5375,hyderabad,"misspecified: planner sigma=0.5/2km, truth sigma=0.75/1km",0.5
staged_point_learning,95.92009720664323,15.203238095901266,37.00157991015212,29.45,0.0125,17.812589489636782,13.779520922734813,22.148427384848066,0.7625,hyderabad,"misspecified: planner sigma=0.5/2km, truth sigma=0.75/1km",0.5
staged_robust_learning,102.54071498078342,17.886910733173725,30.380962136011924,32.0625,0.0375,24.433207263776975,20.858267304709095,28.3644150807249,0.9125,hyderabad,"misspecified: planner sigma=0.5/2km, truth sigma=0.75/1km",0.5
v1_point_all_now,78.10750771700647,-15.655403394530172,54.814169399788895,33.0,0.175,0.0,0.0,0.0,0.0,hyderabad,"misspecified: planner sigma=0.5/2km, truth sigma=0.75/1km",0.5
oracle_all_now,145.98786048622628,54.979531378247785,0.0,39.4625,0.0,25.3610475168482,18.44866580705874,32.43841123003605,0.5,bengaluru,sigma=0.25,0.25
robust_all_now,143.4235308224302,54.40167605223873,2.564329663796072,40.0,0.0125,22.796717853052126,17.018902479445366,29.023970511080933,0.5,bengaluru,sigma=0.25,0.25
staged_no_learning,143.4235308224302,54.40167605223873,2.564329663796072,40.0,0.0125,22.796717853052126,16.573384850789513,29.23909647975924,0.5,bengaluru,sigma=0.25,0.25
staged_point_learning,143.4235308224302,54.40167605223873,2.564329663796072,40.0,0.0125,22.796717853052126,16.785101081761272,28.78221947670049,0.5,bengaluru,sigma=0.25,0.25
staged_robust_learning,143.4235308224302,54.40167605223873,2.564329663796072,40.0,0.0125,22.796717853052126,16.91649937769233,29.000305480283195,0.5,bengaluru,sigma=0.25,0.25
v1_point_all_now,120.6268129693781,30.283493368329292,25.3610475168482,40.0,0.0625,0.0,0.0,0.0,0.0,bengaluru,sigma=0.25,0.25
oracle_all_now,145.94748901337906,54.944819878247735,0.0,39.425,0.0,54.07690822051794,41.98026425207836,66.42717917737546,0.6625,bengaluru,sigma=0.5,0.5
robust_all_now,138.48890023990944,46.66179040721308,7.458588773469606,40.0,0.0125,46.61831944704834,36.848611234063455,57.40876768122901,0.65,bengaluru,sigma=0.5,0.5
staged_no_learning,138.48890023990944,46.66179040721308,7.458588773469606,40.0,0.0125,46.61831944704834,36.72746254973123,57.460213632837664,0.65,bengaluru,sigma=0.5,0.5
staged_point_learning,138.48890023990944,46.66179040721308,7.458588773469606,40.0,0.0125,46.61831944704834,36.59677133510971,57.66550766837742,0.65,bengaluru,sigma=0.5,0.5
staged_robust_learning,138.48890023990944,46.66179040721308,7.458588773469606,40.0,0.0125,46.61831944704834,36.67575031500529,57.452065005324826,0.65,bengaluru,sigma=0.5,0.5
v1_point_all_now,91.8705807928611,-23.543560119728063,54.07690822051794,40.0,0.1375,0.0,0.0,0.0,0.0,bengaluru,sigma=0.5,0.5
oracle_all_now,145.41481837547894,54.944819878247785,0.0,39.275,0.0,70.62585529400965,56.69862931545891,84.72582179472917,0.75,bengaluru,sigma=0.75,0.75
robust_all_now,121.06215060655785,32.528269122332475,24.352667768921073,40.0,0.05,46.27318752508858,36.679467659394405,57.40569975833787,0.6625,bengaluru,sigma=0.75,0.75
staged_no_learning,117.44508887010709,32.017027765566596,27.969729505371827,40.0,0.05,42.65612578863781,32.63927912422709,53.10613707842182,0.6625,bengaluru,sigma=0.75,0.75
staged_point_learning,127.6991013561802,42.19962530180006,17.71571701929871,39.9375,0.0125,52.91013827471093,41.62435298607436,64.66438130580194,0.7,bengaluru,sigma=0.75,0.75
staged_robust_learning,127.96281137369438,42.19962530180006,17.452007001784512,39.975,0.0125,53.17384829222514,40.89616269993962,64.3551449876207,0.7,bengaluru,sigma=0.75,0.75
v1_point_all_now,74.78896308146928,-51.13358514269482,70.62585529400965,40.0,0.2375,0.0,0.0,0.0,0.0,bengaluru,sigma=0.75,0.75
oracle_all_now,102.29957631758973,41.58246208915864,0.0,22.1,0.0,31.3195560473395,27.32867513813662,35.74430704793221,1.0,pune,sigma=0.25,0.25
robust_all_now,75.74400876533578,11.1051328622342,26.555567552253972,23.0,0.075,4.763988495085536,3.870951000918066,5.625491021819806,0.625,pune,sigma=0.25,0.25
staged_no_learning,72.39662961398429,12.324866623765871,29.902946703605444,23.0,0.0625,1.4166093437340592,0.19232394929492155,2.5867368185922115,0.6125,pune,sigma=0.25,0.25
staged_point_learning,90.21177434799593,33.24859852061421,12.087801969593816,22.675,0.0,19.23175407774569,14.894346584763563,23.293465712870677,0.7625,pune,sigma=0.25,0.25
staged_robust_learning,92.78447426913323,32.99524403510032,9.515102048456509,23.475,0.0,21.804453998882995,17.664535375134207,25.927375775365903,0.875,pune,sigma=0.25,0.25
v1_point_all_now,70.98002027025022,1.457650412694909,31.3195560473395,23.0,0.1,0.0,0.0,0.0,0.0,pune,sigma=0.25,0.25
oracle_all_now,102.54992827655876,31.327725328984915,0.0,22.0,0.0,42.414225851485476,37.67549966510145,47.20597878662699,1.0,pune,sigma=0.5,0.5
robust_all_now,65.11626763314355,-20.20317077163288,37.43366064341522,22.0,0.175,4.980565208070253,3.068593758023956,6.955692638901709,0.6125,pune,sigma=0.5,0.5
staged_no_learning,60.81869194746163,-18.428218260111723,41.73123632909714,22.0,0.175,0.6829895223883395,-1.7494538572786695,3.179175463499813,0.5625,pune,sigma=0.5,0.5
staged_point_learning,81.71883543038112,18.145299450482472,20.83109284617765,21.85,0.0125,21.583133005307833,16.706531628914448,26.77614343417247,0.775,pune,sigma=0.5,0.5
staged_robust_learning,80.80931923341254,15.935910052054098,21.74060904314623,24.775,0.0375,20.673616808339254,15.827535742424015,25.55740556935288,0.8125,pune,sigma=0.5,0.5
v1_point_all_now,60.135702425073305,-33.10795529347886,42.414225851485476,24.0,0.2125,0.0,0.0,0.0,0.0,pune,sigma=0.5,0.5
oracle_all_now,107.01279284941904,27.29674713030666,0.0,22.8875,0.0,63.318437021229244,58.18168576194714,68.3126139610141,1.0,pune,sigma=0.75,0.75
robust_all_now,51.395015267609736,-26.340525361803667,55.61777758180931,21.0,0.225,7.70065943941994,4.180631247730198,11.22242478585394,0.625,pune,sigma=0.75,0.75
staged_no_learning,46.04065368822404,-25.287814518549283,60.972139161194995,21.0,0.225,2.346297860034244,-1.3448720664568286,6.138212695837313,0.575,pune,sigma=0.75,0.75
staged_point_learning,71.46031352883823,8.337438112712384,35.5524793205808,20.35,0.05,27.76595770064844,22.192319358926763,33.317156816939885,0.8,pune,sigma=0.75,0.75
staged_robust_learning,69.58582530851619,-3.010052616870052,37.42696754090285,25.675,0.1125,25.891469480326396,20.4348362145908,31.321095093701057,0.825,pune,sigma=0.75,0.75
v1_point_all_now,43.6943558281898,-44.53970417550453,63.318437021229244,24.0,0.3125,0.0,0.0,0.0,0.0,pune,sigma=0.75,0.75
