pincode,office,district,hexes,population,mean_demand_index,hexes_by_nearest,check_point_high_demand,check_point_low_demand,blinkit_serviceable,zepto_serviceable,instamart_serviceable,checked_by,checked_on,notes
500005,Crp Camp (Hyderabad),"Hyderabad, Rangareddy",43,286594,25.3,0,"17.32639, 78.48080","17.29001, 78.52751",,,,,,
502032,A.I.E. R.C.puram,Sangareddy,56,284582,23.4,0,"17.53041, 78.26939","17.43442, 78.28904",,,,,,
500055,IDA Jeedimetla,Medchal,36,244882,33.6,0,"17.51161, 78.46299","17.53304, 78.41597",,,,,,
500090,Nizampet,"Medchal, Rangareddy",38,234213,36.2,0,"17.50292, 78.38949","17.53289, 78.40734",,,,,,
500070,Vanastalipuram,Rangareddy,32,227295,35.1,0,"17.33526, 78.57160","17.30594, 78.59690",,,,,,
500015,Trimulgherry,"Hyderabad, Medchal, Rangareddy",29,212642,36.7,0,"17.46032, 78.50078","17.46060, 78.51805",,,,,,
500030,A.G.College,"Hyderabad, Rangareddy",44,204985,22.8,0,"17.36259, 78.42547","17.30999, 78.38563",,,,,,
500008,Kakatiya Nagar,"Hyderabad, Rangareddy",21,193492,43.2,0,"17.40669, 78.40049","17.38436, 78.39574",,,,,,
500072,Vivekanandanagar Colony,"Medchal, Rangareddy",21,178382,52.1,0,"17.49587, 78.41091","17.48089, 78.40198",,,,,,
500010,Bolarum Bazar,"Medchal, Rangareddy",21,159509,29.3,0,"17.50500, 78.51033","17.52704, 78.49783",,,,,,
501505,Hayatnagar,"Medchal, Rangareddy",29,159301,24.1,0,"17.32817, 78.59304","17.34330, 78.61063",,,,,,
500035,Huda Residential Complex,"Hyderabad, Medchal, Rangareddy",13,153445,65.0,0,"17.36443, 78.53766","17.37956, 78.55524",,,,,,
500039,Uppal (K.V.Rangareddy),"Medchal, Rangareddy",23,151113,36.4,0,"17.40205, 78.56866","17.38719, 78.56835",,,,,,
500032,Manuu,Rangareddy,24,150128,48.9,0,"17.44312, 78.36243","17.40566, 78.34015",,,,,,
500018,Bharat Nagar Colony,"Medchal, Rangareddy",16,149852,51.0,0,"17.45136, 78.41001","17.46605, 78.40169",,,,,,
500058,Kanchanbagh,"Hyderabad, Rangareddy",20,146016,30.9,0,"17.31222, 78.52365","17.29777, 78.54924",,,,,,
500084,Kothaguda (K.V.Rangareddy),Rangareddy,19,145768,46.6,0,"17.46545, 78.36719","17.47983, 78.34162",,,,,,
500049,Mathrusri Nagar,"Medchal, Rangareddy",18,144357,49.4,0,"17.49497, 78.35916","17.50261, 78.37224",,,,,,
500062,Dr As Rao Nagar,Medchal,16,143379,48.2,0,"17.47617, 78.56155","17.46910, 78.58300",,,,,,
500083,Nagaram (K.V.Rangareddy),Medchal,19,135941,34.2,0,"17.49173, 78.60507","17.49201, 78.62236",,,,,,
500013,Amberpet,"Hyderabad, Medchal",14,134391,59.1,0,"17.40163, 78.54274","17.37914, 78.52933",,,,,,
500053,Falaknuma,"Hyderabad, Rangareddy",12,131649,43.9,0,"17.34082, 78.45521","17.32611, 78.46354",,,,,,
500094,Sainikpuri,Medchal,17,125092,34.9,0,"17.49073, 78.54457","17.50587, 78.56216",,,,,,
500028,Humayunnagar,Hyderabad,11,117930,65.1,0,"17.38508, 78.43886","17.39978, 78.43053",,,,,,
500081,Cyberabad,"Medchal, Rangareddy",13,113520,68.0,0,"17.44357, 78.38830","17.42873, 78.38801",,,,,,
500033,Dr.B R Ambedkar O.U,"Hyderabad, Rangareddy",12,112147,62.0,0,"17.44372, 78.39693","17.42139, 78.39217",,,,,,
500007,Jama I Osmania,"Hyderabad, Medchal",15,109464,46.9,0,"17.41648, 78.54305","17.40135, 78.52547",,,,,,
500100,Komplly,Medchal,24,107752,21.5,0,"17.53424, 78.48502","17.52660, 78.47192",,,,,,
500098,Medipalli,Medchal,15,103879,31.8,0,"17.41718, 78.58624","17.41760, 78.61217",,,,,,
500075,C.B.I.T,Rangareddy,27,103065,20.2,0,"17.42769, 78.32766","17.42004, 78.31459",,,,,,
500059,Saidabad (Hyderabad),"Hyderabad, Rangareddy",8,101465,68.3,0,"17.36415, 78.52040",,,,,,,
500047,Anandbagh,"Hyderabad, Medchal, Rangareddy",11,101113,40.7,0,"17.45340, 78.53086","17.44633, 78.55230",,,,,,
500076,Snehapuri Colony,Medchal,12,97493,40.5,0,"17.44661, 78.56958","17.43939, 78.58238",,,,,,
500016,Begumpet,"Hyderabad, Medchal, Rangareddy",10,94793,57.8,0,"17.43725, 78.45285","17.45224, 78.46178",,,,,,
500068,Gsi(Sr) Bandlaguda,"Medchal, Rangareddy",14,93735,35.4,0,"17.37220, 78.55941","17.35762, 78.57638",,,,,,
500043,Airforce Academy,Medchal,28,93302,13.3,0,"17.57769, 78.42549","17.54787, 78.41627",,,,,,
500045,A.Gs. Staff Quarters,"Hyderabad, Rangareddy",8,90931,76.6,0,"17.43696, 78.43560",,,,,,,
500004,Khairatabad,Hyderabad,7,89781,87.7,0,"17.40771, 78.46088",,,,,,,
500003,Secunderabad,Hyderabad,9,89537,66.1,0,"17.44518, 78.48321",,,,,,,
500034,Banjara Hills,"Hyderabad, Rangareddy",8,88951,67.9,0,"17.41491, 78.44809",,,,,,,
500050,Chandanagar,Rangareddy,9,86914,61.3,0,"17.49436, 78.32467",,,,,,,
500079,Vaishalinagar,"Hyderabad, Rangareddy",8,86652,44.2,0,"17.34207, 78.53289",,,,,,,
500052,Svpnpa,"Hyderabad, Rangareddy",13,86433,25.3,0,"17.32555, 78.42904","17.31805, 78.42458",,,,,,
500064,Bahadurpura,"Hyderabad, Rangareddy",9,83239,36.9,0,"17.35567, 78.45552",,,,,,,
500056,Neredmet,"Hyderabad, Medchal",9,81407,43.0,0,"17.48323, 78.54010",,,,,,,
500009,Picket,"Hyderabad, Medchal, Rangareddy",8,80721,56.7,0,"17.46017, 78.49215",,,,,,,
500011,Bowenpally,"Hyderabad, Medchal, Rangareddy",8,77125,52.7,0,"17.47487, 78.48382",,,,,,,
500077,Kattedan Ie,Rangareddy,12,76989,25.6,0,"17.30348, 78.44153","17.29585, 78.42844",,,,,,
500089,Manikonda,"Hyderabad, Rangareddy",9,75136,45.6,0,"17.40640, 78.38325",,,,,,,
500006,Karwan Sahu,Hyderabad,6,75032,58.4,0,"17.37801, 78.46028",,,,,,,
500019,Lingampalli,Rangareddy,13,74366,34.3,0,"17.47188, 78.31131","17.46454, 78.31547",,,,,,
500037,Balanagar Township,Medchal,10,72074,33.3,0,"17.48912, 78.44959","17.48148, 78.43649",,,,,,
500029,Ramakrishna Mutt,Hyderabad,11,70819,43.3,0,"17.40078, 78.49094","17.42284, 78.47844",,,,,,
500085,Jntu Kukat Pally,"Medchal, Rangareddy",7,69023,65.0,0,"17.49557, 78.39365",,,,,,,
500097,Meerpet,Rangareddy,6,68031,56.0,0,"17.31972, 78.52812",,,,,,,
500060,Dilsukhnagar Colony,"Hyderabad, Medchal, Rangareddy",6,67451,74.1,0,"17.37192, 78.54213",,,,,,,
500040,Aphb Colony Moulali,Medchal,6,66700,56.5,0,"17.45396, 78.56541",,,,,,,
502325,Aie Bollaram,Sangareddy,15,66493,15.7,0,"17.51699, 78.34667","17.55367, 78.32585",,,,,,
500023,Yakutpura,Hyderabad,5,64687,53.9,0,"17.36359, 78.48587",,,,,,,
501301,Ghatkesar,Medchal,12,63058,20.8,0,"17.46202, 78.60445","17.48466, 78.62653",,,,,,
500092,Boduppal,Medchal,6,60655,55.7,0,"17.41704, 78.57760",,,,,,,
500051,Hindustan Cables Ltd,Medchal,14,59078,13.7,0,"17.44675, 78.57822","17.44717, 78.60414",,,,,,
500027,Stn Kachiguda,Hyderabad,4,54693,71.6,0,"17.39343, 78.49510",,,,,,,
500017,Lallapet,"Hyderabad, Medchal",5,54675,54.5,0,"17.43119, 78.53472",,,,,,,
500026,Nehrunagar (Hyderabad),"Hyderabad, Rangareddy",5,53666,61.4,0,"17.44547, 78.50048",,,,,,,
500012,Begumbazar,Hyderabad,4,53378,76.4,0,"17.37080, 78.47307",,,,,,,
500001,Hyderabad G.P.O.,Hyderabad,4,53146,83.3,0,"17.39315, 78.47784",,,,,,,
500024,Sahifa,Hyderabad,4,53061,77.5,0,"17.37108, 78.49033",,,,,,,
500044,New Nallakunta,Hyderabad,4,51989,86.0,0,"17.40856, 78.51267",,,,,,,
500038,Sanjeev Reddy Nagar,Rangareddy,4,48783,85.8,0,"17.43711, 78.44422",,,,,,,
500036,Old Malakpet,Hyderabad,4,47578,61.6,0,"17.37151, 78.51623",,,,,,,
500065,Fatehdarwaza,Hyderabad,4,45086,48.7,0,"17.35581, 78.46414",,,,,,,
500086,Don Bosco Nagar,Rangareddy,8,42089,26.0,0,"17.35438, 78.37790",,,,,,,
500002,Hyderabad Jubilee,Hyderabad,3,41020,63.1,0,"17.35595, 78.47277",,,,,,,
500031,Ibrahim Bagh Lines,"Hyderabad, Rangareddy",8,39320,28.1,0,"17.36951, 78.39544",,,,,,,
500074,L B Nagar,Rangareddy,3,38047,69.8,0,"17.34985, 78.55463",,,,,,,
500020,Musheerabad (ND),Hyderabad,3,37090,81.0,0,"17.40828, 78.49541",,,,,,,
500061,Sitaphalmandi,Hyderabad,3,35649,76.3,0,"17.41606, 78.51714",,,,,,,
502319,Patancheru Ph.II,Sangareddy,12,35479,13.0,1,"17.53026, 78.26078","17.54492, 78.25245",,,,,,
500082,I.M.Colony,"Hyderabad, Rangareddy",3,35246,86.3,0,"17.42241, 78.45255",,,,,,,
500025,Padmaraonagar,Hyderabad,3,34776,72.3,0,"17.42327, 78.50434",,,,,,,
500042,Hal (Hyderabad),"Medchal, Rangareddy",7,33881,21.1,0,"17.46694, 78.45345",,,,,,,
500095,State Bank Of India,Hyderabad,2,27170,74.4,0,"17.38579, 78.48200",,,,,,,
500054,HMT Township,Medchal,7,27118,17.0,0,"17.51131, 78.44572",,,,,,,
500111,I S B Campus,Rangareddy,6,26733,29.9,0,"17.43533, 78.34074",,,,,,,
500096,Film Nagar,Hyderabad,4,24843,42.5,0,"17.41433, 78.41358",,,,,,,
500103,Jai Jawan Colony,Medchal,3,24513,29.3,0,"17.48409, 78.59195",,,,,,,
500080,Gandhinagar (Hyderabad),Hyderabad,2,24118,77.7,0,"17.41563, 78.49124",,,,,,,
500078,Nisa Hakimpet,Medchal,9,23868,7.0,0,"17.52777, 78.54102",,,,,,,
500073,Srinagar Colony,"Hyderabad, Rangareddy",2,23483,85.0,0,"17.42961, 78.43976",,,,,,,
500046,CUC,Rangareddy,8,20737,21.2,0,"17.46485, 78.33271",,,,,,,
501401,Medchal,Medchal,8,19741,10.9,0,"17.59374, 78.49487",,,,,,,
502324,Icrisat,Sangareddy,7,19445,13.3,0,"17.53010, 78.25216",,,,,,,
500048,Hyderguda,Hyderabad,2,19347,52.8,0,"17.37009, 78.42994",,,,,,,
500093,Vikasnagar (Hyderabad),"Hyderabad, Rangareddy",3,18928,32.9,0,"17.35452, 78.38652",,,,,,,
500087,JJ Nagar Colony,Medchal,3,17646,19.4,0,"17.50543, 78.53624",,,,,,,
500091,AP Police Academy PO,"Hyderabad, Rangareddy",3,16870,27.1,0,"17.36966, 78.40406",,,,,,,
500066,High Court (Hyderabad),Hyderabad,1,14067,57.2,0,"17.36331, 78.46861",,,,,,,
500057,Vijay Nagar Colony (Hyderabad),Hyderabad,1,13455,63.8,0,"17.39272, 78.45195",,,,,,,
500022,Central Secretariat,Hyderabad,1,11645,88.3,0,"17.40785, 78.46951",,,,,,,
500107,Gopanpally,Rangareddy,3,9881,11.7,0,"17.44956, 78.30656",,,,,,,
500069,R.C.Imarat,Rangareddy,1,8813,45.7,0,"17.31209, 78.51502",,,,,,,
500067,Suchitra Junction,Medchal,1,8765,60.5,0,"17.50441, 78.47579",,,,,,,
500110,Prashasan Nagar,"Hyderabad, Rangareddy",1,8701,63.9,0,"17.42153, 78.40079",,,,,,,
500041,Raj Bhawan (Hyderabad),Hyderabad,1,8372,54.9,0,"17.41520, 78.46535",,,,,,,
500104,Chitrapuri Colony,"Hyderabad, Rangareddy",1,7507,45.5,0,"17.41374, 78.37909",,,,,,,
500014,Hakimpet,Medchal,3,7294,6.9,0,"17.54218, 78.51540",,,,,,,
501510,Ragannaguda X Roads,Rangareddy,1,4087,12.9,0,"17.30527, 78.55371",,,,,,,
