city,size_sqft,rent_case,rent_per_sqft_month_inr,other_fixed_cost_per_day_inr,variable_cost_shift_inr,fixed_cost_per_day_inr,variable_cost_per_order_inr,breakeven_orders_per_day
hyderabad,3000,low,70,4000,-10,10904,94.7,229
hyderabad,3000,mid,90,4000,-10,12877,94.7,270
hyderabad,3000,high,110,4000,-10,14849,94.7,312
hyderabad,3000,low,70,4000,0,10904,104.7,290
hyderabad,3000,mid,90,4000,0,12877,104.7,342
hyderabad,3000,high,110,4000,0,14849,104.7,395
hyderabad,3000,low,70,4000,10,10904,114.7,395
hyderabad,3000,mid,90,4000,10,12877,114.7,466
hyderabad,3000,high,110,4000,10,14849,114.7,538
hyderabad,3000,low,70,8000,-10,14904,92.2,297
hyderabad,3000,mid,90,8000,-10,16877,92.2,337
hyderabad,3000,high,110,8000,-10,18849,92.2,376
hyderabad,3000,low,70,8000,0,14904,102.2,372
hyderabad,3000,mid,90,8000,0,16877,102.2,421
hyderabad,3000,high,110,8000,0,18849,102.2,470
hyderabad,3000,low,70,8000,10,14904,112.2,495
hyderabad,3000,mid,90,8000,10,16877,112.2,561
hyderabad,3000,high,110,8000,10,18849,112.2,626
hyderabad,3000,low,70,15000,-10,21904,87.8,402
hyderabad,3000,mid,90,15000,-10,23877,87.8,438
hyderabad,3000,high,110,15000,-10,25849,87.8,474
hyderabad,3000,low,70,15000,0,21904,97.8,492
hyderabad,3000,mid,90,15000,0,23877,97.8,537
hyderabad,3000,high,110,15000,0,25849,97.8,581
hyderabad,3000,low,70,15000,10,21904,107.8,635
hyderabad,3000,mid,90,15000,10,23877,107.8,692
hyderabad,3000,high,110,15000,10,25849,107.8,750
hyderabad,4000,low,70,4000,-10,13205,94.7,277
hyderabad,4000,mid,90,4000,-10,15836,94.7,333
hyderabad,4000,high,110,4000,-10,18466,94.7,388
hyderabad,4000,low,70,4000,0,13205,104.7,351
hyderabad,4000,mid,90,4000,0,15836,104.7,421
hyderabad,4000,high,110,4000,0,18466,104.7,491
hyderabad,4000,low,70,4000,10,13205,114.7,478
hyderabad,4000,mid,90,4000,10,15836,114.7,574
hyderabad,4000,high,110,4000,10,18466,114.7,669
hyderabad,4000,low,70,8000,-10,17205,92.2,343
hyderabad,4000,mid,90,8000,-10,19836,92.2,396
hyderabad,4000,high,110,8000,-10,22466,92.2,448
hyderabad,4000,low,70,8000,0,17205,102.2,429
hyderabad,4000,mid,90,8000,0,19836,102.2,495
hyderabad,4000,high,110,8000,0,22466,102.2,560
hyderabad,4000,low,70,8000,10,17205,112.2,571
hyderabad,4000,mid,90,8000,10,19836,112.2,659
hyderabad,4000,high,110,8000,10,22466,112.2,746
hyderabad,4000,low,70,15000,-10,24205,87.8,444
hyderabad,4000,mid,90,15000,-10,26836,87.8,493
hyderabad,4000,high,110,15000,-10,29466,87.8,541
hyderabad,4000,low,70,15000,0,24205,97.8,544
hyderabad,4000,mid,90,15000,0,26836,97.8,603
hyderabad,4000,high,110,15000,0,29466,97.8,662
hyderabad,4000,low,70,15000,10,24205,107.8,702
hyderabad,4000,mid,90,15000,10,26836,107.8,778
hyderabad,4000,high,110,15000,10,29466,107.8,854
hyderabad,6000,low,70,4000,-10,17808,94.7,374
hyderabad,6000,mid,90,4000,-10,21753,94.7,457
hyderabad,6000,high,110,4000,-10,25699,94.7,540
hyderabad,6000,low,70,4000,0,17808,104.7,474
hyderabad,6000,mid,90,4000,0,21753,104.7,578
hyderabad,6000,high,110,4000,0,25699,104.7,683
hyderabad,6000,low,70,4000,10,17808,114.7,645
hyderabad,6000,mid,90,4000,10,21753,114.7,788
hyderabad,6000,high,110,4000,10,25699,114.7,931
hyderabad,6000,low,70,8000,-10,21808,92.2,435
hyderabad,6000,mid,90,8000,-10,25753,92.2,514
hyderabad,6000,high,110,8000,-10,29699,92.2,593
hyderabad,6000,low,70,8000,0,21808,102.2,544
hyderabad,6000,mid,90,8000,0,25753,102.2,642
hyderabad,6000,high,110,8000,0,29699,102.2,740
hyderabad,6000,low,70,8000,10,21808,112.2,724
hyderabad,6000,mid,90,8000,10,25753,112.2,855
hyderabad,6000,high,110,8000,10,29699,112.2,986
hyderabad,6000,low,70,15000,-10,28808,87.8,529
hyderabad,6000,mid,90,15000,-10,32753,87.8,601
hyderabad,6000,high,110,15000,-10,36699,87.8,674
hyderabad,6000,low,70,15000,0,28808,97.8,648
hyderabad,6000,mid,90,15000,0,32753,97.8,736
hyderabad,6000,high,110,15000,0,36699,97.8,825
hyderabad,6000,low,70,15000,10,28808,107.8,835
hyderabad,6000,mid,90,15000,10,32753,107.8,950
hyderabad,6000,high,110,15000,10,36699,107.8,1064
bengaluru,3000,low,100,4000,-10,13863,94.7,291
bengaluru,3000,mid,140,4000,-10,17808,94.7,374
bengaluru,3000,high,180,4000,-10,21753,94.7,457
bengaluru,3000,low,100,4000,0,13863,104.7,369
bengaluru,3000,mid,140,4000,0,17808,104.7,474
bengaluru,3000,high,180,4000,0,21753,104.7,578
bengaluru,3000,low,100,4000,10,13863,114.7,502
bengaluru,3000,mid,140,4000,10,17808,114.7,645
bengaluru,3000,high,180,4000,10,21753,114.7,788
bengaluru,3000,low,100,8000,-10,17863,92.2,356
bengaluru,3000,mid,140,8000,-10,21808,92.2,435
bengaluru,3000,high,180,8000,-10,25753,92.2,514
bengaluru,3000,low,100,8000,0,17863,102.2,445
bengaluru,3000,mid,140,8000,0,21808,102.2,544
bengaluru,3000,high,180,8000,0,25753,102.2,642
bengaluru,3000,low,100,8000,10,17863,112.2,593
bengaluru,3000,mid,140,8000,10,21808,112.2,724
bengaluru,3000,high,180,8000,10,25753,112.2,855
bengaluru,3000,low,100,15000,-10,24863,87.8,456
bengaluru,3000,mid,140,15000,-10,28808,87.8,529
bengaluru,3000,high,180,15000,-10,32753,87.8,601
bengaluru,3000,low,100,15000,0,24863,97.8,559
bengaluru,3000,mid,140,15000,0,28808,97.8,648
bengaluru,3000,high,180,15000,0,32753,97.8,736
bengaluru,3000,low,100,15000,10,24863,107.8,721
bengaluru,3000,mid,140,15000,10,28808,107.8,835
bengaluru,3000,high,180,15000,10,32753,107.8,950
bengaluru,4000,low,100,4000,-10,17151,94.7,360
bengaluru,4000,mid,140,4000,-10,22411,94.7,471
bengaluru,4000,high,180,4000,-10,27671,94.7,581
bengaluru,4000,low,100,4000,0,17151,104.7,456
bengaluru,4000,mid,140,4000,0,22411,104.7,596
bengaluru,4000,high,180,4000,0,27671,104.7,736
bengaluru,4000,low,100,4000,10,17151,114.7,621
bengaluru,4000,mid,140,4000,10,22411,114.7,812
bengaluru,4000,high,180,4000,10,27671,114.7,1002
bengaluru,4000,low,100,8000,-10,21151,92.2,422
bengaluru,4000,mid,140,8000,-10,26411,92.2,527
bengaluru,4000,high,180,8000,-10,31671,92.2,632
bengaluru,4000,low,100,8000,0,21151,102.2,527
bengaluru,4000,mid,140,8000,0,26411,102.2,659
bengaluru,4000,high,180,8000,0,31671,102.2,790
bengaluru,4000,low,100,8000,10,21151,112.2,703
bengaluru,4000,mid,140,8000,10,26411,112.2,877
bengaluru,4000,high,180,8000,10,31671,112.2,1052
bengaluru,4000,low,100,15000,-10,28151,87.8,517
bengaluru,4000,mid,140,15000,-10,33411,87.8,613
bengaluru,4000,high,180,15000,-10,38671,87.8,710
bengaluru,4000,low,100,15000,0,28151,97.8,633
bengaluru,4000,mid,140,15000,0,33411,97.8,751
bengaluru,4000,high,180,15000,0,38671,97.8,869
bengaluru,4000,low,100,15000,10,28151,107.8,816
bengaluru,4000,mid,140,15000,10,33411,107.8,969
bengaluru,4000,high,180,15000,10,38671,107.8,1121
bengaluru,6000,low,100,4000,-10,23726,94.7,498
bengaluru,6000,mid,140,4000,-10,31616,94.7,664
bengaluru,6000,high,180,4000,-10,39507,94.7,830
bengaluru,6000,low,100,4000,0,23726,104.7,631
bengaluru,6000,mid,140,4000,0,31616,104.7,841
bengaluru,6000,high,180,4000,0,39507,104.7,1051
bengaluru,6000,low,100,4000,10,23726,114.7,860
bengaluru,6000,mid,140,4000,10,31616,114.7,1145
bengaluru,6000,high,180,4000,10,39507,114.7,1431
bengaluru,6000,low,100,8000,-10,27726,92.2,553
bengaluru,6000,mid,140,8000,-10,35616,92.2,711
bengaluru,6000,high,180,8000,-10,43507,92.2,868
bengaluru,6000,low,100,8000,0,27726,102.2,691
bengaluru,6000,mid,140,8000,0,35616,102.2,888
bengaluru,6000,high,180,8000,0,43507,102.2,1085
bengaluru,6000,low,100,8000,10,27726,112.2,921
bengaluru,6000,mid,140,8000,10,35616,112.2,1183
bengaluru,6000,high,180,8000,10,43507,112.2,1445
bengaluru,6000,low,100,15000,-10,34726,87.8,637
bengaluru,6000,mid,140,15000,-10,42616,87.8,782
bengaluru,6000,high,180,15000,-10,50507,87.8,927
bengaluru,6000,low,100,15000,0,34726,97.8,781
bengaluru,6000,mid,140,15000,0,42616,97.8,958
bengaluru,6000,high,180,15000,0,50507,97.8,1135
bengaluru,6000,low,100,15000,10,34726,107.8,1007
bengaluru,6000,mid,140,15000,10,42616,107.8,1236
bengaluru,6000,high,180,15000,10,50507,107.8,1464
pune,3000,low,70,4000,-10,10904,94.7,229
pune,3000,mid,90,4000,-10,12877,94.7,270
pune,3000,high,110,4000,-10,14849,94.7,312
pune,3000,low,70,4000,0,10904,104.7,290
pune,3000,mid,90,4000,0,12877,104.7,342
pune,3000,high,110,4000,0,14849,104.7,395
pune,3000,low,70,4000,10,10904,114.7,395
pune,3000,mid,90,4000,10,12877,114.7,466
pune,3000,high,110,4000,10,14849,114.7,538
pune,3000,low,70,8000,-10,14904,92.2,297
pune,3000,mid,90,8000,-10,16877,92.2,337
pune,3000,high,110,8000,-10,18849,92.2,376
pune,3000,low,70,8000,0,14904,102.2,372
pune,3000,mid,90,8000,0,16877,102.2,421
pune,3000,high,110,8000,0,18849,102.2,470
pune,3000,low,70,8000,10,14904,112.2,495
pune,3000,mid,90,8000,10,16877,112.2,561
pune,3000,high,110,8000,10,18849,112.2,626
pune,3000,low,70,15000,-10,21904,87.8,402
pune,3000,mid,90,15000,-10,23877,87.8,438
pune,3000,high,110,15000,-10,25849,87.8,474
pune,3000,low,70,15000,0,21904,97.8,492
pune,3000,mid,90,15000,0,23877,97.8,537
pune,3000,high,110,15000,0,25849,97.8,581
pune,3000,low,70,15000,10,21904,107.8,635
pune,3000,mid,90,15000,10,23877,107.8,692
pune,3000,high,110,15000,10,25849,107.8,750
pune,4000,low,70,4000,-10,13205,94.7,277
pune,4000,mid,90,4000,-10,15836,94.7,333
pune,4000,high,110,4000,-10,18466,94.7,388
pune,4000,low,70,4000,0,13205,104.7,351
pune,4000,mid,90,4000,0,15836,104.7,421
pune,4000,high,110,4000,0,18466,104.7,491
pune,4000,low,70,4000,10,13205,114.7,478
pune,4000,mid,90,4000,10,15836,114.7,574
pune,4000,high,110,4000,10,18466,114.7,669
pune,4000,low,70,8000,-10,17205,92.2,343
pune,4000,mid,90,8000,-10,19836,92.2,396
pune,4000,high,110,8000,-10,22466,92.2,448
pune,4000,low,70,8000,0,17205,102.2,429
pune,4000,mid,90,8000,0,19836,102.2,495
pune,4000,high,110,8000,0,22466,102.2,560
pune,4000,low,70,8000,10,17205,112.2,571
pune,4000,mid,90,8000,10,19836,112.2,659
pune,4000,high,110,8000,10,22466,112.2,746
pune,4000,low,70,15000,-10,24205,87.8,444
pune,4000,mid,90,15000,-10,26836,87.8,493
pune,4000,high,110,15000,-10,29466,87.8,541
pune,4000,low,70,15000,0,24205,97.8,544
pune,4000,mid,90,15000,0,26836,97.8,603
pune,4000,high,110,15000,0,29466,97.8,662
pune,4000,low,70,15000,10,24205,107.8,702
pune,4000,mid,90,15000,10,26836,107.8,778
pune,4000,high,110,15000,10,29466,107.8,854
pune,6000,low,70,4000,-10,17808,94.7,374
pune,6000,mid,90,4000,-10,21753,94.7,457
pune,6000,high,110,4000,-10,25699,94.7,540
pune,6000,low,70,4000,0,17808,104.7,474
pune,6000,mid,90,4000,0,21753,104.7,578
pune,6000,high,110,4000,0,25699,104.7,683
pune,6000,low,70,4000,10,17808,114.7,645
pune,6000,mid,90,4000,10,21753,114.7,788
pune,6000,high,110,4000,10,25699,114.7,931
pune,6000,low,70,8000,-10,21808,92.2,435
pune,6000,mid,90,8000,-10,25753,92.2,514
pune,6000,high,110,8000,-10,29699,92.2,593
pune,6000,low,70,8000,0,21808,102.2,544
pune,6000,mid,90,8000,0,25753,102.2,642
pune,6000,high,110,8000,0,29699,102.2,740
pune,6000,low,70,8000,10,21808,112.2,724
pune,6000,mid,90,8000,10,25753,112.2,855
pune,6000,high,110,8000,10,29699,112.2,986
pune,6000,low,70,15000,-10,28808,87.8,529
pune,6000,mid,90,15000,-10,32753,87.8,601
pune,6000,high,110,15000,-10,36699,87.8,674
pune,6000,low,70,15000,0,28808,97.8,648
pune,6000,mid,90,15000,0,32753,97.8,736
pune,6000,high,110,15000,0,36699,97.8,825
pune,6000,low,70,15000,10,28808,107.8,835
pune,6000,mid,90,15000,10,32753,107.8,950
pune,6000,high,110,15000,10,36699,107.8,1064
